  0
SECTION
  2
HEADER
  9
$ACADVER
  1
AC1006
  9
$EXTMIN
 10
-4.154795
 20
-5.466362
  9
$EXTMAX
 10
4.222055
 20
5.365472
  9
$LTSCALE
 40
0.000394
  9
$PDMODE
 70
    35
  9
$PDSIZE
 40
0.000315
  0
ENDSEC
  0
SECTION
  2
TABLES
  0
TABLE
  2
LTYPE
 70
     9
  0
LTYPE
  2
CONTINUOUS
 70
    64
  3
Solid line
 72
    65
 73
     0
 40
0.000000
  0
LTYPE
  2
DASHED
 70
    64
  3
__ __ __ __ __ __ __ __ __ __ __ __ __ __ __
 72
    65
 73
     2
 40
0.000003
 49
0.000002
 49
-0.000001
  0
LTYPE
  2
HIDDEN
 70
    64
  3
 _ _ _ _ _ _ _ _ _ _ _ _ _ _ _ _ _ _ _ _ _ _
 72
    65
 73
     2
 40
0.000001
 49
0.000001
 49
-0.000000
  0
LTYPE
  2
CENTER
 70
    64
  3
____ _ ____ _ ____ _ ____ _ ____ _ ____ _ ____
 72
    65
 73
     4
 40
0.000008
 49
0.000005
 49
-0.000001
 49
0.000001
 49
-0.000001
  0
LTYPE
  2
PHANTOM
 70
    64
  3
_____ _ _ _____ _ _ _____ _ _ _____ _ _ ____
 72
    65
 73
     6
 40
0.000010
 49
0.000005
 49
-0.000001
 49
0.000001
 49
-0.000001
 49
0.000001
 49
-0.000001
  0
LTYPE
  2
DOT
 70
    64
  3
...............................................
 72
    65
 73
     2
 40
0.000001
 49
0.000000
 49
-0.000001
  0
LTYPE
  2
DASHDOT
 70
    64
  3
__ . __ . __ . __ . __ . __ . __ . __ . __ . __
 72
    65
 73
     4
 40
0.000004
 49
0.000002
 49
-0.000001
 49
0.000000
 49
-0.000001
  0
LTYPE
  2
BORDER
 70
    64
  3
__ __ . __ __ . __ __ . __ __ . __ __ . __ __
 72
    65
 73
     6
 40
0.000007
 49
0.000002
 49
-0.000001
 49
0.000002
 49
-0.000001
 49
0.000000
 49
-0.000001
  0
LTYPE
  2
DIVIDE
 70
    64
  3
__ . . __ . . __ . . __ . . __ . . __ . . __
 72
    65
 73
     6
 40
0.000005
 49
0.000002
 49
-0.000001
 49
0.000000
 49
-0.000001
 49
0.000000
 49
-0.000001
  0
LTYPE
  2
DOTDOT
 70
    64
  3
 . .  . .  . .  . .  . .  . . 
 72
    65
 73
     5
 40
0.000002
 49
-0.000001
 49
0.000000
 49
-0.000001
 49
0.000000
 49
-0.000001
  0
ENDTAB
  0
TABLE
  2
STYLE
 70
     2
  0
STYLE
 70
     0
  2
SN0
 40
0.000000
 41
0.000004
 50
0.000000
 71
     0
 42
0.000000
  3
SCRIPTS
  0
STYLE
 70
    68
  2
SV0
 40
0.000000
 41
0.000004
 50
0.000000
 71
     0
 42
0.000000
  3
SCRIPTS
  0
ENDTAB
  0
TABLE
  2
LAYER
 70
     3
  0
LAYER
  2
FOREGROUND
 70
    64
 62
     7
  6
CONTINUOUS
  0
LAYER
  2
BACKGROUND
 70
    65
 62
    -7
  6
CONTINUOUS
  0
LAYER
  2
LAYER_1
 70
    64
 62
     7
  6
CONTINUOUS
  0
ENDTAB
  0
ENDSEC
  0
SECTION
  2
ENTITIES
  0
SOLID
  8
LAYER_1
 10
-4.153295
 20
-5.464862
 11
4.220555
 21
-5.464862
 12
-4.153295
 22
5.363972
 13
4.220555
 23
5.363972
  0
POLYLINE
  8
LAYER_1
 62
    39
  6
CONTINUOUS
 66
     1
 40
0.003000
 41
0.003000
 70
     1
  0
VERTEX
  8
LAYER_1
 62
    39
  6
CONTINUOUS
 10
-4.153295
 20
-5.464862
  0
VERTEX
  8
LAYER_1
 62
    39
  6
CONTINUOUS
 10
4.220555
 20
-5.464862
  0
VERTEX
  8
LAYER_1
 62
    39
  6
CONTINUOUS
 10
4.220555
 20
5.363972
  0
VERTEX
  8
LAYER_1
 62
    39
  6
CONTINUOUS
 10
-4.153295
 20
5.363972
  0
SEQEND
  8
0
  0
SOLID
  8
LAYER_1
 62
   254
 10
-3.566016
 20
-2.634220
 11
-0.566016
 21
-2.634220
 12
-3.566016
 22
3.365780
 13
-0.566016
 23
3.365780
  0
POLYLINE
  8
LAYER_1
 62
    39
  6
CONTINUOUS
 66
     1
 40
0.007165
 41
0.007165
 70
     1
  0
VERTEX
  8
LAYER_1
 62
    39
  6
CONTINUOUS
 10
-3.566016
 20
-2.634220
  0
VERTEX
  8
LAYER_1
 62
    39
  6
CONTINUOUS
 10
-0.566016
 20
-2.634220
  0
VERTEX
  8
LAYER_1
 62
    39
  6
CONTINUOUS
 10
-0.566016
 20
3.365780
  0
VERTEX
  8
LAYER_1
 62
    39
  6
CONTINUOUS
 10
-3.566016
 20
3.365780
  0
SEQEND
  8
0
  0
POLYLINE
  8
LAYER_1
 62
    39
  6
CONTINUOUS
 66
     1
 40
0.003000
 41
0.003000
 70
     1
  0
VERTEX
  8
LAYER_1
 62
    39
  6
CONTINUOUS
 10
-3.274370
 20
2.142114
  0
VERTEX
  8
LAYER_1
 62
    39
  6
CONTINUOUS
 10
-3.338362
 20
2.010382
  0
VERTEX
  8
LAYER_1
 62
    39
  6
CONTINUOUS
 10
-3.387094
 20
1.893118
  0
VERTEX
  8
LAYER_1
 62
    39
  6
CONTINUOUS
 10
-3.425244
 20
1.763323
  0
VERTEX
  8
LAYER_1
 62
    39
  6
CONTINUOUS
 10
-3.442394
 20
1.683496
  0
VERTEX
  8
LAYER_1
 62
    39
  6
CONTINUOUS
 10
-3.458429
 20
1.580079
  0
VERTEX
  8
LAYER_1
 62
    39
  6
CONTINUOUS
 10
-3.466472
 20
1.447941
  0
VERTEX
  8
LAYER_1
 62
    39
  6
CONTINUOUS
 10
-3.456559
 20
1.260047
  0
VERTEX
  8
LAYER_1
 62
    39
  6
CONTINUOUS
 10
-3.427957
 20
1.107004
  0
VERTEX
  8
LAYER_1
 62
    39
  6
CONTINUOUS
 10
-3.407898
 20
1.034583
  0
VERTEX
  8
LAYER_1
 62
    39
  6
CONTINUOUS
 10
-3.382539
 20
0.954831
  0
VERTEX
  8
LAYER_1
 62
    39
  6
CONTINUOUS
 10
-3.344067
 20
0.862335
  0
VERTEX
  8
LAYER_1
 62
    39
  6
CONTINUOUS
 10
-3.317661
 20
0.805772
  0
VERTEX
  8
LAYER_1
 62
    39
  6
CONTINUOUS
 10
-3.271756
 20
0.718831
  0
VERTEX
  8
LAYER_1
 62
    39
  6
CONTINUOUS
 10
-2.710437
 20
-0.350799
  0
VERTEX
  8
LAYER_1
 62
    39
  6
CONTINUOUS
 10
-3.215244
 20
-0.984134
  0
VERTEX
  8
LAYER_1
 62
    39
  6
CONTINUOUS
 10
-3.274984
 20
-1.048378
  0
VERTEX
  8
LAYER_1
 62
    39
  6
CONTINUOUS
 10
-3.325465
 20
-1.122803
  0
VERTEX
  8
LAYER_1
 62
    39
  6
CONTINUOUS
 10
-3.357354
 20
-1.207843
  0
VERTEX
  8
LAYER_1
 62
    39
  6
CONTINUOUS
 10
-3.364004
 20
-1.294224
  0
VERTEX
  8
LAYER_1
 62
    39
  6
CONTINUOUS
 10
-3.346709
 20
-1.365965
  0
VERTEX
  8
LAYER_1
 62
    39
  6
CONTINUOUS
 10
-2.868331
 20
-2.208413
  0
VERTEX
  8
LAYER_1
 62
    39
  6
CONTINUOUS
 10
-2.803240
 20
-2.277500
  0
VERTEX
  8
LAYER_1
 62
    39
  6
CONTINUOUS
 10
-2.736760
 20
-2.318693
  0
VERTEX
  8
LAYER_1
 62
    39
  6
CONTINUOUS
 10
-2.647693
 20
-2.339921
  0
VERTEX
  8
LAYER_1
 62
    39
  6
CONTINUOUS
 10
-2.485701
 20
-2.333272
  0
VERTEX
  8
LAYER_1
 62
    39
  6
CONTINUOUS
 10
-1.786642
 20
-2.333264
  0
VERTEX
  8
LAYER_1
 62
    39
  6
CONTINUOUS
 10
-1.782441
 20
-2.637531
  0
VERTEX
  8
LAYER_1
 62
    39
  6
CONTINUOUS
 10
-1.025110
 20
-2.635354
  0
VERTEX
  8
LAYER_1
 62
    39
  6
CONTINUOUS
 10
-1.025744
 20
-2.331157
  0
VERTEX
  8
LAYER_1
 62
    39
  6
CONTINUOUS
 10
-0.893512
 20
-2.320728
  0
VERTEX
  8
LAYER_1
 62
    39
  6
CONTINUOUS
 10
-0.816268
 20
-2.292197
  0
VERTEX
  8
LAYER_1
 62
    39
  6
CONTINUOUS
 10
-0.757016
 20
-2.239307
  0
VERTEX
  8
LAYER_1
 62
    39
  6
CONTINUOUS
 10
-0.711075
 20
-2.171169
  0
VERTEX
  8
LAYER_1
 62
    39
  6
CONTINUOUS
 10
-0.688488
 20
-2.079496
  0
VERTEX
  8
LAYER_1
 62
    39
  6
CONTINUOUS
 10
-0.688488
 20
-1.027039
  0
VERTEX
  8
LAYER_1
 62
    39
  6
CONTINUOUS
 10
-1.198724
 20
-0.123307
  0
VERTEX
  8
LAYER_1
 62
    39
  6
CONTINUOUS
 10
-1.295925
 20
-0.043346
  0
VERTEX
  8
LAYER_1
 62
    39
  6
CONTINUOUS
 10
-1.392921
 20
-0.015492
  0
VERTEX
  8
LAYER_1
 62
    39
  6
CONTINUOUS
 10
-1.501913
 20
-0.027543
  0
VERTEX
  8
LAYER_1
 62
    39
  6
CONTINUOUS
 10
-1.626083
 20
-0.054421
  0
VERTEX
  8
LAYER_1
 62
    39
  6
CONTINUOUS
 10
-2.445709
 20
-0.197969
  0
VERTEX
  8
LAYER_1
 62
    39
  6
CONTINUOUS
 10
-2.648917
 20
0.156677
  0
VERTEX
  8
LAYER_1
 62
    39
  6
CONTINUOUS
 10
-2.578256
 20
0.124909
  0
VERTEX
  8
LAYER_1
 62
    39
  6
CONTINUOUS
 10
-2.517591
 20
0.099638
  0
VERTEX
  8
LAYER_1
 62
    39
  6
CONTINUOUS
 10
-2.380728
 20
0.062441
  0
VERTEX
  8
LAYER_1
 62
    39
  6
CONTINUOUS
 10
-2.209323
 20
0.035858
  0
VERTEX
  8
LAYER_1
 62
    39
  6
CONTINUOUS
 10
-2.017984
 20
0.027327
  0
VERTEX
  8
LAYER_1
 62
    39
  6
CONTINUOUS
 10
-1.835949
 20
0.044591
  0
VERTEX
  8
LAYER_1
 62
    39
  6
CONTINUOUS
 10
-1.656567
 20
0.089008
  0
VERTEX
  8
LAYER_1
 62
    39
  6
CONTINUOUS
 10
-1.495020
 20
0.150689
  0
VERTEX
  8
LAYER_1
 62
    39
  6
CONTINUOUS
 10
-1.377535
 20
0.209933
  0
VERTEX
  8
LAYER_1
 62
    39
  6
CONTINUOUS
 10
-1.246197
 20
0.293075
  0
VERTEX
  8
LAYER_1
 62
    39
  6
CONTINUOUS
 10
-1.125071
 20
0.386646
  0
VERTEX
  8
LAYER_1
 62
    39
  6
CONTINUOUS
 10
-1.040031
 20
0.471685
  0
VERTEX
  8
LAYER_1
 62
    39
  6
CONTINUOUS
 10
-0.944362
 20
0.588614
  0
VERTEX
  8
LAYER_1
 62
    39
  6
CONTINUOUS
 10
-0.869953
 20
0.705543
  0
VERTEX
  8
LAYER_1
 62
    39
  6
CONTINUOUS
 10
-0.817358
 20
0.798575
  0
VERTEX
  8
LAYER_1
 62
    39
  6
CONTINUOUS
 10
-0.765535
 20
0.912657
  0
VERTEX
  8
LAYER_1
 62
    39
  6
CONTINUOUS
 10
-0.713409
 20
1.059772
  0
VERTEX
  8
LAYER_1
 62
    39
  6
CONTINUOUS
 10
-0.678614
 20
1.215780
  0
VERTEX
  8
LAYER_1
 62
    39
  6
CONTINUOUS
 10
-0.668000
 20
1.379193
  0
VERTEX
  8
LAYER_1
 62
    39
  6
CONTINUOUS
 10
-0.674634
 20
1.565240
  0
VERTEX
  8
LAYER_1
 62
    39
  6
CONTINUOUS
 10
-0.702846
 20
1.757106
  0
VERTEX
  8
LAYER_1
 62
    39
  6
CONTINUOUS
 10
-0.768976
 20
1.955878
  0
VERTEX
  8
LAYER_1
 62
    39
  6
CONTINUOUS
 10
-0.843409
 20
2.112402
  0
VERTEX
  8
LAYER_1
 62
    39
  6
CONTINUOUS
 10
-0.867846
 20
2.148646
  0
VERTEX
  8
LAYER_1
 62
    39
  6
CONTINUOUS
 10
-0.902831
 20
2.207063
  0
VERTEX
  8
LAYER_1
 62
    39
  6
CONTINUOUS
 10
-0.943035
 20
2.260165
  0
VERTEX
  8
LAYER_1
 62
    39
  6
CONTINUOUS
 10
-0.998059
 20
2.331480
  0
VERTEX
  8
LAYER_1
 62
    39
  6
CONTINUOUS
 10
-1.033705
 20
2.370075
  0
VERTEX
  8
LAYER_1
 62
    39
  6
CONTINUOUS
 10
-1.066606
 20
2.409681
  0
VERTEX
  8
LAYER_1
 62
    39
  6
CONTINUOUS
 10
-1.088902
 20
2.430877
  0
VERTEX
  8
LAYER_1
 62
    39
  6
CONTINUOUS
 10
-1.110839
 20
2.452452
  0
VERTEX
  8
LAYER_1
 62
    39
  6
CONTINUOUS
 10
-1.133012
 20
2.473087
  0
VERTEX
  8
LAYER_1
 62
    39
  6
CONTINUOUS
 10
-1.170405
 20
2.505399
  0
VERTEX
  8
LAYER_1
 62
    39
  6
CONTINUOUS
 10
-1.208090
 20
2.536227
  0
VERTEX
  8
LAYER_1
 62
    39
  6
CONTINUOUS
 10
-1.246756
 20
2.565035
  0
VERTEX
  8
LAYER_1
 62
    39
  6
CONTINUOUS
 10
-1.322282
 20
2.615229
  0
VERTEX
  8
LAYER_1
 62
    39
  6
CONTINUOUS
 10
-1.398910
 20
2.660208
  0
VERTEX
  8
LAYER_1
 62
    39
  6
CONTINUOUS
 10
-1.477118
 20
2.699638
  0
VERTEX
  8
LAYER_1
 62
    39
  6
CONTINUOUS
 10
-1.500298
 20
2.710102
  0
VERTEX
  8
LAYER_1
 62
    39
  6
CONTINUOUS
 10
-1.522976
 20
2.719820
  0
VERTEX
  8
LAYER_1
 62
    39
  6
CONTINUOUS
 10
-1.546295
 20
2.729256
  0
VERTEX
  8
LAYER_1
 62
    39
  6
CONTINUOUS
 10
-1.566246
 20
2.737239
  0
VERTEX
  8
LAYER_1
 62
    39
  6
CONTINUOUS
 10
-1.586459
 20
2.745243
  0
VERTEX
  8
LAYER_1
 62
    39
  6
CONTINUOUS
 10
-1.606449
 20
2.752559
  0
VERTEX
  8
LAYER_1
 62
    39
  6
CONTINUOUS
 10
-1.632471
 20
2.761265
  0
VERTEX
  8
LAYER_1
 62
    39
  6
CONTINUOUS
 10
-1.657909
 20
2.769033
  0
VERTEX
  8
LAYER_1
 62
    39
  6
CONTINUOUS
 10
-1.684091
 20
2.775776
  0
VERTEX
  8
LAYER_1
 62
    39
  6
CONTINUOUS
 10
-1.706701
 20
2.781792
  0
VERTEX
  8
LAYER_1
 62
    39
  6
CONTINUOUS
 10
-1.729458
 20
2.788506
  0
VERTEX
  8
LAYER_1
 62
    39
  6
CONTINUOUS
 10
-1.753535
 20
2.794709
  0
VERTEX
  8
LAYER_1
 62
    39
  6
CONTINUOUS
 10
-1.787220
 20
2.801899
  0
VERTEX
  8
LAYER_1
 62
    39
  6
CONTINUOUS
 10
-1.821236
 20
2.808495
  0
VERTEX
  8
LAYER_1
 62
    39
  6
CONTINUOUS
 10
-1.854996
 20
2.814094
  0
VERTEX
  8
LAYER_1
 62
    39
  6
CONTINUOUS
 10
-1.886174
 20
2.818504
  0
VERTEX
  8
LAYER_1
 62
    39
  6
CONTINUOUS
 10
-1.922156
 20
2.823009
  0
VERTEX
  8
LAYER_1
 62
    39
  6
CONTINUOUS
 10
-1.951413
 20
2.825634
  0
VERTEX
  8
LAYER_1
 62
    39
  6
CONTINUOUS
 10
-2.001846
 20
2.828296
  0
VERTEX
  8
LAYER_1
 62
    39
  6
CONTINUOUS
 10
-2.031711
 20
2.829270
  0
VERTEX
  8
LAYER_1
 62
    39
  6
CONTINUOUS
 10
-2.081201
 20
2.828409
  0
VERTEX
  8
LAYER_1
 62
    39
  6
CONTINUOUS
 10
-2.117513
 20
2.827535
  0
VERTEX
  8
LAYER_1
 62
    39
  6
CONTINUOUS
 10
-2.159435
 20
2.826423
  0
VERTEX
  8
LAYER_1
 62
    39
  6
CONTINUOUS
 10
-2.186894
 20
2.825323
  0
VERTEX
  8
LAYER_1
 62
    39
  6
CONTINUOUS
 10
-2.205813
 20
2.823078
  0
VERTEX
  8
LAYER_1
 62
    39
  6
CONTINUOUS
 10
-2.225444
 20
2.819920
  0
VERTEX
  8
LAYER_1
 62
    39
  6
CONTINUOUS
 10
-2.244909
 20
2.817102
  0
VERTEX
  8
LAYER_1
 62
    39
  6
CONTINUOUS
 10
-2.275246
 20
2.812940
  0
VERTEX
  8
LAYER_1
 62
    39
  6
CONTINUOUS
 10
-2.304470
 20
2.807880
  0
VERTEX
  8
LAYER_1
 62
    39
  6
CONTINUOUS
 10
-2.331839
 20
2.802327
  0
VERTEX
  8
LAYER_1
 62
    39
  6
CONTINUOUS
 10
-2.399248
 20
2.786972
  0
VERTEX
  8
LAYER_1
 62
    39
  6
CONTINUOUS
 10
-2.502823
 20
2.760012
  0
VERTEX
  8
LAYER_1
 62
    39
  6
CONTINUOUS
 10
-2.530291
 20
2.758264
  0
VERTEX
  8
LAYER_1
 62
    39
  6
CONTINUOUS
 10
-2.553984
 20
2.766535
  0
VERTEX
  8
LAYER_1
 62
    39
  6
CONTINUOUS
 10
-2.569075
 20
2.781799
  0
VERTEX
  8
LAYER_1
 62
    39
  6
CONTINUOUS
 10
-2.576173
 20
2.804358
  0
VERTEX
  8
LAYER_1
 62
    39
  6
CONTINUOUS
 10
-2.574248
 20
3.363236
  0
VERTEX
  8
LAYER_1
 62
    39
  6
CONTINUOUS
 10
-2.668051
 20
3.363706
  0
VERTEX
  8
LAYER_1
 62
    39
  6
CONTINUOUS
 10
-2.761157
 20
3.364504
  0
VERTEX
  8
LAYER_1
 62
    39
  6
CONTINUOUS
 10
-2.853861
 20
3.365387
  0
VERTEX
  8
LAYER_1
 62
    39
  6
CONTINUOUS
 10
-2.946458
 20
3.366113
  0
VERTEX
  8
LAYER_1
 62
    39
  6
CONTINUOUS
 10
-3.039244
 20
3.366437
  0
VERTEX
  8
LAYER_1
 62
    39
  6
CONTINUOUS
 10
-3.114930
 20
3.365358
  0
VERTEX
  8
LAYER_1
 62
    39
  6
CONTINUOUS
 10
-3.190601
 20
3.364156
  0
VERTEX
  8
LAYER_1
 62
    39
  6
CONTINUOUS
 10
-3.266256
 20
3.365980
  0
SEQEND
  8
0
  0
POLYLINE
  8
LAYER_1
 62
    39
  6
CONTINUOUS
 66
     1
 40
0.003000
 41
0.003000
 70
     1
  0
VERTEX
  8
LAYER_1
 62
    39
  6
CONTINUOUS
 10
-1.547366
 20
-2.482822
  0
VERTEX
  8
LAYER_1
 62
    39
  6
CONTINUOUS
 10
-1.577202
 20
-2.533926
  0
VERTEX
  8
LAYER_1
 62
    39
  6
CONTINUOUS
 10
-1.632544
 20
-2.533919
  0
VERTEX
  8
LAYER_1
 62
    39
  6
CONTINUOUS
 10
-1.662366
 20
-2.482806
  0
VERTEX
  8
LAYER_1
 62
    39
  6
CONTINUOUS
 10
-1.632535
 20
-2.431698
  0
VERTEX
  8
LAYER_1
 62
    39
  6
CONTINUOUS
 10
-1.577193
 20
-2.431701
  0
VERTEX
  8
LAYER_1
 62
    39
  6
CONTINUOUS
 10
-1.547366
 20
-2.482811
  0
SEQEND
  8
0
  0
POLYLINE
  8
LAYER_1
 62
    39
  6
CONTINUOUS
 66
     1
 40
0.003000
 41
0.003000
 70
     1
  0
VERTEX
  8
LAYER_1
 62
    39
  6
CONTINUOUS
 10
-1.147783
 20
-2.482822
  0
VERTEX
  8
LAYER_1
 62
    39
  6
CONTINUOUS
 10
-1.177620
 20
-2.533926
  0
VERTEX
  8
LAYER_1
 62
    39
  6
CONTINUOUS
 10
-1.232961
 20
-2.533919
  0
VERTEX
  8
LAYER_1
 62
    39
  6
CONTINUOUS
 10
-1.262783
 20
-2.482806
  0
VERTEX
  8
LAYER_1
 62
    39
  6
CONTINUOUS
 10
-1.232952
 20
-2.431698
  0
VERTEX
  8
LAYER_1
 62
    39
  6
CONTINUOUS
 10
-1.177610
 20
-2.431701
  0
VERTEX
  8
LAYER_1
 62
    39
  6
CONTINUOUS
 10
-1.147783
 20
-2.482811
  0
SEQEND
  8
0
  0
POLYLINE
  8
LAYER_1
 62
    39
  6
CONTINUOUS
 66
     1
 40
0.003000
 41
0.003000
 70
     1
  0
VERTEX
  8
LAYER_1
 62
    39
  6
CONTINUOUS
 10
-0.637512
 20
-2.482825
  0
VERTEX
  8
LAYER_1
 62
    39
  6
CONTINUOUS
 10
-0.665272
 20
-2.529961
  0
VERTEX
  8
LAYER_1
 62
    39
  6
CONTINUOUS
 10
-0.716764
 20
-2.529954
  0
VERTEX
  8
LAYER_1
 62
    39
  6
CONTINUOUS
 10
-0.744512
 20
-2.482810
  0
VERTEX
  8
LAYER_1
 62
    39
  6
CONTINUOUS
 10
-0.716756
 20
-2.435671
  0
VERTEX
  8
LAYER_1
 62
    39
  6
CONTINUOUS
 10
-0.665264
 20
-2.435673
  0
VERTEX
  8
LAYER_1
 62
    39
  6
CONTINUOUS
 10
-0.637512
 20
-2.482815
  0
SEQEND
  8
0
  0
POLYLINE
  8
LAYER_1
 62
    39
  6
CONTINUOUS
 66
     1
 40
0.003000
 41
0.003000
 70
     1
  0
VERTEX
  8
LAYER_1
 62
    39
  6
CONTINUOUS
 10
-0.637512
 20
0.365766
  0
VERTEX
  8
LAYER_1
 62
    39
  6
CONTINUOUS
 10
-0.665272
 20
0.318629
  0
VERTEX
  8
LAYER_1
 62
    39
  6
CONTINUOUS
 10
-0.716764
 20
0.318636
  0
VERTEX
  8
LAYER_1
 62
    39
  6
CONTINUOUS
 10
-0.744512
 20
0.365781
  0
VERTEX
  8
LAYER_1
 62
    39
  6
CONTINUOUS
 10
-0.716756
 20
0.412920
  0
VERTEX
  8
LAYER_1
 62
    39
  6
CONTINUOUS
 10
-0.665264
 20
0.412917
  0
VERTEX
  8
LAYER_1
 62
    39
  6
CONTINUOUS
 10
-0.637512
 20
0.365776
  0
SEQEND
  8
0
  0
POLYLINE
  8
LAYER_1
 62
    39
  6
CONTINUOUS
 66
     1
 40
0.003000
 41
0.003000
 70
     1
  0
VERTEX
  8
LAYER_1
 62
    39
  6
CONTINUOUS
 10
-3.387512
 20
0.365766
  0
VERTEX
  8
LAYER_1
 62
    39
  6
CONTINUOUS
 10
-3.415272
 20
0.318629
  0
VERTEX
  8
LAYER_1
 62
    39
  6
CONTINUOUS
 10
-3.466764
 20
0.318636
  0
VERTEX
  8
LAYER_1
 62
    39
  6
CONTINUOUS
 10
-3.494512
 20
0.365781
  0
VERTEX
  8
LAYER_1
 62
    39
  6
CONTINUOUS
 10
-3.466756
 20
0.412920
  0
VERTEX
  8
LAYER_1
 62
    39
  6
CONTINUOUS
 10
-3.415264
 20
0.412917
  0
VERTEX
  8
LAYER_1
 62
    39
  6
CONTINUOUS
 10
-3.387512
 20
0.365776
  0
SEQEND
  8
0
  0
POLYLINE
  8
LAYER_1
 62
    39
  6
CONTINUOUS
 66
     1
 40
0.003000
 41
0.003000
 70
     1
  0
VERTEX
  8
LAYER_1
 62
    39
  6
CONTINUOUS
 10
-3.387512
 20
-2.482825
  0
VERTEX
  8
LAYER_1
 62
    39
  6
CONTINUOUS
 10
-3.415272
 20
-2.529961
  0
VERTEX
  8
LAYER_1
 62
    39
  6
CONTINUOUS
 10
-3.466764
 20
-2.529954
  0
VERTEX
  8
LAYER_1
 62
    39
  6
CONTINUOUS
 10
-3.494512
 20
-2.482810
  0
VERTEX
  8
LAYER_1
 62
    39
  6
CONTINUOUS
 10
-3.466756
 20
-2.435671
  0
VERTEX
  8
LAYER_1
 62
    39
  6
CONTINUOUS
 10
-3.415264
 20
-2.435673
  0
VERTEX
  8
LAYER_1
 62
    39
  6
CONTINUOUS
 10
-3.387512
 20
-2.482815
  0
SEQEND
  8
0
  0
POLYLINE
  8
LAYER_1
 62
    39
  6
CONTINUOUS
 66
     1
 40
0.003000
 41
0.003000
 70
     1
  0
VERTEX
  8
LAYER_1
 62
    39
  6
CONTINUOUS
 10
-3.387512
 20
3.140801
  0
VERTEX
  8
LAYER_1
 62
    39
  6
CONTINUOUS
 10
-3.415272
 20
3.093665
  0
VERTEX
  8
LAYER_1
 62
    39
  6
CONTINUOUS
 10
-3.466764
 20
3.093672
  0
VERTEX
  8
LAYER_1
 62
    39
  6
CONTINUOUS
 10
-3.494512
 20
3.140816
  0
VERTEX
  8
LAYER_1
 62
    39
  6
CONTINUOUS
 10
-3.466756
 20
3.187955
  0
VERTEX
  8
LAYER_1
 62
    39
  6
CONTINUOUS
 10
-3.415264
 20
3.187953
  0
VERTEX
  8
LAYER_1
 62
    39
  6
CONTINUOUS
 10
-3.387512
 20
3.140811
  0
SEQEND
  8
0
  0
POLYLINE
  8
LAYER_1
 62
    39
  6
CONTINUOUS
 66
     1
 40
0.003000
 41
0.003000
 70
     1
  0
VERTEX
  8
LAYER_1
 62
    39
  6
CONTINUOUS
 10
-0.637512
 20
3.140801
  0
VERTEX
  8
LAYER_1
 62
    39
  6
CONTINUOUS
 10
-0.665272
 20
3.093665
  0
VERTEX
  8
LAYER_1
 62
    39
  6
CONTINUOUS
 10
-0.716764
 20
3.093672
  0
VERTEX
  8
LAYER_1
 62
    39
  6
CONTINUOUS
 10
-0.744512
 20
3.140816
  0
VERTEX
  8
LAYER_1
 62
    39
  6
CONTINUOUS
 10
-0.716756
 20
3.187955
  0
VERTEX
  8
LAYER_1
 62
    39
  6
CONTINUOUS
 10
-0.665264
 20
3.187953
  0
VERTEX
  8
LAYER_1
 62
    39
  6
CONTINUOUS
 10
-0.637512
 20
3.140811
  0
SEQEND
  8
0
  0
POLYLINE
  8
LAYER_1
 62
    39
  6
CONTINUOUS
 66
     1
 40
0.003000
 41
0.003000
 70
     1
  0
VERTEX
  8
LAYER_1
 62
    39
  6
CONTINUOUS
 10
-0.666017
 20
1.426266
  0
VERTEX
  8
LAYER_1
 62
    39
  6
CONTINUOUS
 10
-0.666024
 20
1.432719
  0
VERTEX
  8
LAYER_1
 62
    39
  6
CONTINUOUS
 10
-0.666061
 20
1.439173
  0
VERTEX
  8
LAYER_1
 62
    39
  6
CONTINUOUS
 10
-0.666128
 20
1.445626
  0
VERTEX
  8
LAYER_1
 62
    39
  6
CONTINUOUS
 10
-0.666224
 20
1.452079
  0
VERTEX
  8
LAYER_1
 62
    39
  6
CONTINUOUS
 10
-0.666350
 20
1.458531
  0
VERTEX
  8
LAYER_1
 62
    39
  6
CONTINUOUS
 10
-0.666506
 20
1.464983
  0
VERTEX
  8
LAYER_1
 62
    39
  6
CONTINUOUS
 10
-0.666692
 20
1.471434
  0
VERTEX
  8
LAYER_1
 62
    39
  6
CONTINUOUS
 10
-0.666907
 20
1.477884
  0
VERTEX
  8
LAYER_1
 62
    39
  6
CONTINUOUS
 10
-0.667153
 20
1.484333
  0
VERTEX
  8
LAYER_1
 62
    39
  6
CONTINUOUS
 10
-0.667427
 20
1.490780
  0
VERTEX
  8
LAYER_1
 62
    39
  6
CONTINUOUS
 10
-0.667732
 20
1.497227
  0
VERTEX
  8
LAYER_1
 62
    39
  6
CONTINUOUS
 10
-0.668066
 20
1.503671
  0
VERTEX
  8
LAYER_1
 62
    39
  6
CONTINUOUS
 10
-0.668430
 20
1.510115
  0
VERTEX
  8
LAYER_1
 62
    39
  6
CONTINUOUS
 10
-0.668824
 20
1.516556
  0
VERTEX
  8
LAYER_1
 62
    39
  6
CONTINUOUS
 10
-0.669247
 20
1.522996
  0
VERTEX
  8
LAYER_1
 62
    39
  6
CONTINUOUS
 10
-0.669701
 20
1.529434
  0
VERTEX
  8
LAYER_1
 62
    39
  6
CONTINUOUS
 10
-0.670183
 20
1.535869
  0
VERTEX
  8
LAYER_1
 62
    39
  6
CONTINUOUS
 10
-0.670696
 20
1.542302
  0
VERTEX
  8
LAYER_1
 62
    39
  6
CONTINUOUS
 10
-0.671238
 20
1.548733
  0
VERTEX
  8
LAYER_1
 62
    39
  6
CONTINUOUS
 10
-0.671810
 20
1.555161
  0
VERTEX
  8
LAYER_1
 62
    39
  6
CONTINUOUS
 10
-0.672411
 20
1.561587
  0
VERTEX
  8
LAYER_1
 62
    39
  6
CONTINUOUS
 10
-0.673042
 20
1.568009
  0
VERTEX
  8
LAYER_1
 62
    39
  6
CONTINUOUS
 10
-0.673702
 20
1.574429
  0
VERTEX
  8
LAYER_1
 62
    39
  6
CONTINUOUS
 10
-0.674392
 20
1.580845
  0
VERTEX
  8
LAYER_1
 62
    39
  6
CONTINUOUS
 10
-0.675112
 20
1.587259
  0
VERTEX
  8
LAYER_1
 62
    39
  6
CONTINUOUS
 10
-0.675861
 20
1.593669
  0
VERTEX
  8
LAYER_1
 62
    39
  6
CONTINUOUS
 10
-0.676640
 20
1.600075
  0
VERTEX
  8
LAYER_1
 62
    39
  6
CONTINUOUS
 10
-0.677449
 20
1.606478
  0
VERTEX
  8
LAYER_1
 62
    39
  6
CONTINUOUS
 10
-0.678286
 20
1.612877
  0
VERTEX
  8
LAYER_1
 62
    39
  6
CONTINUOUS
 10
-0.679154
 20
1.619272
  0
VERTEX
  8
LAYER_1
 62
    39
  6
CONTINUOUS
 10
-0.680050
 20
1.625663
  0
VERTEX
  8
LAYER_1
 62
    39
  6
CONTINUOUS
 10
-0.680977
 20
1.632049
  0
VERTEX
  8
LAYER_1
 62
    39
  6
CONTINUOUS
 10
-0.681932
 20
1.638432
  0
VERTEX
  8
LAYER_1
 62
    39
  6
CONTINUOUS
 10
-0.682917
 20
1.644810
  0
VERTEX
  8
LAYER_1
 62
    39
  6
CONTINUOUS
 10
-0.683932
 20
1.651183
  0
VERTEX
  8
LAYER_1
 62
    39
  6
CONTINUOUS
 10
-0.684976
 20
1.657552
  0
VERTEX
  8
LAYER_1
 62
    39
  6
CONTINUOUS
 10
-0.686049
 20
1.663915
  0
VERTEX
  8
LAYER_1
 62
    39
  6
CONTINUOUS
 10
-0.687151
 20
1.670274
  0
VERTEX
  8
LAYER_1
 62
    39
  6
CONTINUOUS
 10
-0.688283
 20
1.676628
  0
VERTEX
  8
LAYER_1
 62
    39
  6
CONTINUOUS
 10
-0.689444
 20
1.682976
  0
VERTEX
  8
LAYER_1
 62
    39
  6
CONTINUOUS
 10
-0.690635
 20
1.689319
  0
VERTEX
  8
LAYER_1
 62
    39
  6
CONTINUOUS
 10
-0.691854
 20
1.695656
  0
VERTEX
  8
LAYER_1
 62
    39
  6
CONTINUOUS
 10
-0.693103
 20
1.701987
  0
VERTEX
  8
LAYER_1
 62
    39
  6
CONTINUOUS
 10
-0.694381
 20
1.708313
  0
VERTEX
  8
LAYER_1
 62
    39
  6
CONTINUOUS
 10
-0.695688
 20
1.714633
  0
VERTEX
  8
LAYER_1
 62
    39
  6
CONTINUOUS
 10
-0.697024
 20
1.720947
  0
VERTEX
  8
LAYER_1
 62
    39
  6
CONTINUOUS
 10
-0.698389
 20
1.727254
  0
VERTEX
  8
LAYER_1
 62
    39
  6
CONTINUOUS
 10
-0.699784
 20
1.733555
  0
VERTEX
  8
LAYER_1
 62
    39
  6
CONTINUOUS
 10
-0.701207
 20
1.739850
  0
VERTEX
  8
LAYER_1
 62
    39
  6
CONTINUOUS
 10
-0.702659
 20
1.746138
  0
VERTEX
  8
LAYER_1
 62
    39
  6
CONTINUOUS
 10
-0.704141
 20
1.752419
  0
VERTEX
  8
LAYER_1
 62
    39
  6
CONTINUOUS
 10
-0.705651
 20
1.758694
  0
VERTEX
  8
LAYER_1
 62
    39
  6
CONTINUOUS
 10
-0.707190
 20
1.764961
  0
VERTEX
  8
LAYER_1
 62
    39
  6
CONTINUOUS
 10
-0.708758
 20
1.771221
  0
VERTEX
  8
LAYER_1
 62
    39
  6
CONTINUOUS
 10
-0.710355
 20
1.777474
  0
VERTEX
  8
LAYER_1
 62
    39
  6
CONTINUOUS
 10
-0.711981
 20
1.783719
  0
VERTEX
  8
LAYER_1
 62
    39
  6
CONTINUOUS
 10
-0.713635
 20
1.789957
  0
VERTEX
  8
LAYER_1
 62
    39
  6
CONTINUOUS
 10
-0.715319
 20
1.796187
  0
VERTEX
  8
LAYER_1
 62
    39
  6
CONTINUOUS
 10
-0.717030
 20
1.802410
  0
VERTEX
  8
LAYER_1
 62
    39
  6
CONTINUOUS
 10
-0.718771
 20
1.808624
  0
VERTEX
  8
LAYER_1
 62
    39
  6
CONTINUOUS
 10
-0.720540
 20
1.814830
  0
VERTEX
  8
LAYER_1
 62
    39
  6
CONTINUOUS
 10
-0.722338
 20
1.821029
  0
VERTEX
  8
LAYER_1
 62
    39
  6
CONTINUOUS
 10
-0.724164
 20
1.827218
  0
VERTEX
  8
LAYER_1
 62
    39
  6
CONTINUOUS
 10
-0.726019
 20
1.833399
  0
VERTEX
  8
LAYER_1
 62
    39
  6
CONTINUOUS
 10
-0.727903
 20
1.839572
  0
VERTEX
  8
LAYER_1
 62
    39
  6
CONTINUOUS
 10
-0.729814
 20
1.845736
  0
VERTEX
  8
LAYER_1
 62
    39
  6
CONTINUOUS
 10
-0.731755
 20
1.851891
  0
VERTEX
  8
LAYER_1
 62
    39
  6
CONTINUOUS
 10
-0.733723
 20
1.858037
  0
VERTEX
  8
LAYER_1
 62
    39
  6
CONTINUOUS
 10
-0.735720
 20
1.864174
  0
VERTEX
  8
LAYER_1
 62
    39
  6
CONTINUOUS
 10
-0.737745
 20
1.870301
  0
VERTEX
  8
LAYER_1
 62
    39
  6
CONTINUOUS
 10
-0.739798
 20
1.876420
  0
VERTEX
  8
LAYER_1
 62
    39
  6
CONTINUOUS
 10
-0.741880
 20
1.882528
  0
VERTEX
  8
LAYER_1
 62
    39
  6
CONTINUOUS
 10
-0.743989
 20
1.888627
  0
VERTEX
  8
LAYER_1
 62
    39
  6
CONTINUOUS
 10
-0.746127
 20
1.894717
  0
VERTEX
  8
LAYER_1
 62
    39
  6
CONTINUOUS
 10
-0.748293
 20
1.900796
  0
VERTEX
  8
LAYER_1
 62
    39
  6
CONTINUOUS
 10
-0.750487
 20
1.906865
  0
VERTEX
  8
LAYER_1
 62
    39
  6
CONTINUOUS
 10
-0.752708
 20
1.912924
  0
VERTEX
  8
LAYER_1
 62
    39
  6
CONTINUOUS
 10
-0.754958
 20
1.918973
  0
VERTEX
  8
LAYER_1
 62
    39
  6
CONTINUOUS
 10
-0.757236
 20
1.925011
  0
VERTEX
  8
LAYER_1
 62
    39
  6
CONTINUOUS
 10
-0.759541
 20
1.931039
  0
VERTEX
  8
LAYER_1
 62
    39
  6
CONTINUOUS
 10
-0.761874
 20
1.937056
  0
VERTEX
  8
LAYER_1
 62
    39
  6
CONTINUOUS
 10
-0.764235
 20
1.943062
  0
VERTEX
  8
LAYER_1
 62
    39
  6
CONTINUOUS
 10
-0.766623
 20
1.949058
  0
VERTEX
  8
LAYER_1
 62
    39
  6
CONTINUOUS
 10
-0.769039
 20
1.955042
  0
VERTEX
  8
LAYER_1
 62
    39
  6
CONTINUOUS
 10
-0.771483
 20
1.961015
  0
VERTEX
  8
LAYER_1
 62
    39
  6
CONTINUOUS
 10
-0.773954
 20
1.966977
  0
VERTEX
  8
LAYER_1
 62
    39
  6
CONTINUOUS
 10
-0.776453
 20
1.972927
  0
VERTEX
  8
LAYER_1
 62
    39
  6
CONTINUOUS
 10
-0.778979
 20
1.978865
  0
VERTEX
  8
LAYER_1
 62
    39
  6
CONTINUOUS
 10
-0.781532
 20
1.984792
  0
VERTEX
  8
LAYER_1
 62
    39
  6
CONTINUOUS
 10
-0.784112
 20
1.990708
  0
VERTEX
  8
LAYER_1
 62
    39
  6
CONTINUOUS
 10
-0.786720
 20
1.996611
  0
VERTEX
  8
LAYER_1
 62
    39
  6
CONTINUOUS
 10
-0.789355
 20
2.002502
  0
VERTEX
  8
LAYER_1
 62
    39
  6
CONTINUOUS
 10
-0.792018
 20
2.008381
  0
VERTEX
  8
LAYER_1
 62
    39
  6
CONTINUOUS
 10
-0.794707
 20
2.014247
  0
VERTEX
  8
LAYER_1
 62
    39
  6
CONTINUOUS
 10
-0.797423
 20
2.020101
  0
VERTEX
  8
LAYER_1
 62
    39
  6
CONTINUOUS
 10
-0.800166
 20
2.025943
  0
VERTEX
  8
LAYER_1
 62
    39
  6
CONTINUOUS
 10
-0.802936
 20
2.031772
  0
VERTEX
  8
LAYER_1
 62
    39
  6
CONTINUOUS
 10
-0.805733
 20
2.037588
  0
VERTEX
  8
LAYER_1
 62
    39
  6
CONTINUOUS
 10
-0.808557
 20
2.043391
  0
VERTEX
  8
LAYER_1
 62
    39
  6
CONTINUOUS
 10
-0.811407
 20
2.049180
  0
VERTEX
  8
LAYER_1
 62
    39
  6
CONTINUOUS
 10
-0.814285
 20
2.054957
  0
VERTEX
  8
LAYER_1
 62
    39
  6
CONTINUOUS
 10
-0.817188
 20
2.060721
  0
VERTEX
  8
LAYER_1
 62
    39
  6
CONTINUOUS
 10
-0.820119
 20
2.066471
  0
VERTEX
  8
LAYER_1
 62
    39
  6
CONTINUOUS
 10
-0.823075
 20
2.072207
  0
VERTEX
  8
LAYER_1
 62
    39
  6
CONTINUOUS
 10
-0.826058
 20
2.077930
  0
VERTEX
  8
LAYER_1
 62
    39
  6
CONTINUOUS
 10
-0.829068
 20
2.083639
  0
VERTEX
  8
LAYER_1
 62
    39
  6
CONTINUOUS
 10
-0.832104
 20
2.089334
  0
VERTEX
  8
LAYER_1
 62
    39
  6
CONTINUOUS
 10
-0.835166
 20
2.095014
  0
VERTEX
  8
LAYER_1
 62
    39
  6
CONTINUOUS
 10
-0.838254
 20
2.100681
  0
VERTEX
  8
LAYER_1
 62
    39
  6
CONTINUOUS
 10
-0.841368
 20
2.106334
  0
VERTEX
  8
LAYER_1
 62
    39
  6
CONTINUOUS
 10
-0.844508
 20
2.111972
  0
VERTEX
  8
LAYER_1
 62
    39
  6
CONTINUOUS
 10
-0.847674
 20
2.117595
  0
VERTEX
  8
LAYER_1
 62
    39
  6
CONTINUOUS
 10
-0.850867
 20
2.123204
  0
VERTEX
  8
LAYER_1
 62
    39
  6
CONTINUOUS
 10
-0.854084
 20
2.128798
  0
VERTEX
  8
LAYER_1
 62
    39
  6
CONTINUOUS
 10
-0.857328
 20
2.134377
  0
VERTEX
  8
LAYER_1
 62
    39
  6
CONTINUOUS
 10
-0.860597
 20
2.139941
  0
VERTEX
  8
LAYER_1
 62
    39
  6
CONTINUOUS
 10
-0.863892
 20
2.145490
  0
VERTEX
  8
LAYER_1
 62
    39
  6
CONTINUOUS
 10
-0.867213
 20
2.151024
  0
VERTEX
  8
LAYER_1
 62
    39
  6
CONTINUOUS
 10
-0.870559
 20
2.156542
  0
VERTEX
  8
LAYER_1
 62
    39
  6
CONTINUOUS
 10
-0.873930
 20
2.162045
  0
VERTEX
  8
LAYER_1
 62
    39
  6
CONTINUOUS
 10
-0.877327
 20
2.167533
  0
VERTEX
  8
LAYER_1
 62
    39
  6
CONTINUOUS
 10
-0.880749
 20
2.173004
  0
VERTEX
  8
LAYER_1
 62
    39
  6
CONTINUOUS
 10
-0.884196
 20
2.178460
  0
VERTEX
  8
LAYER_1
 62
    39
  6
CONTINUOUS
 10
-0.887668
 20
2.183900
  0
VERTEX
  8
LAYER_1
 62
    39
  6
CONTINUOUS
 10
-0.891166
 20
2.189324
  0
VERTEX
  8
LAYER_1
 62
    39
  6
CONTINUOUS
 10
-0.894688
 20
2.194731
  0
VERTEX
  8
LAYER_1
 62
    39
  6
CONTINUOUS
 10
-0.898235
 20
2.200122
  0
VERTEX
  8
LAYER_1
 62
    39
  6
CONTINUOUS
 10
-0.901807
 20
2.205497
  0
VERTEX
  8
LAYER_1
 62
    39
  6
CONTINUOUS
 10
-0.905404
 20
2.210856
  0
VERTEX
  8
LAYER_1
 62
    39
  6
CONTINUOUS
 10
-0.909025
 20
2.216197
  0
VERTEX
  8
LAYER_1
 62
    39
  6
CONTINUOUS
 10
-0.912671
 20
2.221522
  0
VERTEX
  8
LAYER_1
 62
    39
  6
CONTINUOUS
 10
-0.916342
 20
2.226830
  0
VERTEX
  8
LAYER_1
 62
    39
  6
CONTINUOUS
 10
-0.920037
 20
2.232122
  0
VERTEX
  8
LAYER_1
 62
    39
  6
CONTINUOUS
 10
-0.923756
 20
2.237396
  0
VERTEX
  8
LAYER_1
 62
    39
  6
CONTINUOUS
 10
-0.927499
 20
2.242652
  0
VERTEX
  8
LAYER_1
 62
    39
  6
CONTINUOUS
 10
-0.931267
 20
2.247892
  0
VERTEX
  8
LAYER_1
 62
    39
  6
CONTINUOUS
 10
-0.935059
 20
2.253114
  0
VERTEX
  8
LAYER_1
 62
    39
  6
CONTINUOUS
 10
-0.938875
 20
2.258319
  0
VERTEX
  8
LAYER_1
 62
    39
  6
CONTINUOUS
 10
-0.942715
 20
2.263506
  0
VERTEX
  8
LAYER_1
 62
    39
  6
CONTINUOUS
 10
-0.946578
 20
2.268675
  0
VERTEX
  8
LAYER_1
 62
    39
  6
CONTINUOUS
 10
-0.950466
 20
2.273826
  0
VERTEX
  8
LAYER_1
 62
    39
  6
CONTINUOUS
 10
-0.954377
 20
2.278959
  0
VERTEX
  8
LAYER_1
 62
    39
  6
CONTINUOUS
 10
-0.958312
 20
2.284075
  0
VERTEX
  8
LAYER_1
 62
    39
  6
CONTINUOUS
 10
-0.962270
 20
2.289172
  0
VERTEX
  8
LAYER_1
 62
    39
  6
CONTINUOUS
 10
-0.966252
 20
2.294250
  0
VERTEX
  8
LAYER_1
 62
    39
  6
CONTINUOUS
 10
-0.970257
 20
2.299311
  0
VERTEX
  8
LAYER_1
 62
    39
  6
CONTINUOUS
 10
-0.974285
 20
2.304353
  0
VERTEX
  8
LAYER_1
 62
    39
  6
CONTINUOUS
 10
-0.978337
 20
2.309376
  0
VERTEX
  8
LAYER_1
 62
    39
  6
CONTINUOUS
 10
-0.982412
 20
2.314380
  0
VERTEX
  8
LAYER_1
 62
    39
  6
CONTINUOUS
 10
-0.986510
 20
2.319366
  0
VERTEX
  8
LAYER_1
 62
    39
  6
CONTINUOUS
 10
-0.990630
 20
2.324333
  0
VERTEX
  8
LAYER_1
 62
    39
  6
CONTINUOUS
 10
-0.994774
 20
2.329280
  0
VERTEX
  8
LAYER_1
 62
    39
  6
CONTINUOUS
 10
-0.998940
 20
2.334209
  0
VERTEX
  8
LAYER_1
 62
    39
  6
CONTINUOUS
 10
-1.003129
 20
2.339118
  0
VERTEX
  8
LAYER_1
 62
    39
  6
CONTINUOUS
 10
-1.007341
 20
2.344008
  0
VERTEX
  8
LAYER_1
 62
    39
  6
CONTINUOUS
 10
-1.011575
 20
2.348878
  0
VERTEX
  8
LAYER_1
 62
    39
  6
CONTINUOUS
 10
-1.015831
 20
2.353729
  0
VERTEX
  8
LAYER_1
 62
    39
  6
CONTINUOUS
 10
-1.020110
 20
2.358560
  0
VERTEX
  8
LAYER_1
 62
    39
  6
CONTINUOUS
 10
-1.024411
 20
2.363372
  0
VERTEX
  8
LAYER_1
 62
    39
  6
CONTINUOUS
 10
-1.028734
 20
2.368163
  0
VERTEX
  8
LAYER_1
 62
    39
  6
CONTINUOUS
 10
-1.033080
 20
2.372935
  0
VERTEX
  8
LAYER_1
 62
    39
  6
CONTINUOUS
 10
-1.037447
 20
2.377686
  0
VERTEX
  8
LAYER_1
 62
    39
  6
CONTINUOUS
 10
-1.041836
 20
2.382417
  0
VERTEX
  8
LAYER_1
 62
    39
  6
CONTINUOUS
 10
-1.046247
 20
2.387128
  0
VERTEX
  8
LAYER_1
 62
    39
  6
CONTINUOUS
 10
-1.050679
 20
2.391819
  0
VERTEX
  8
LAYER_1
 62
    39
  6
CONTINUOUS
 10
-1.055133
 20
2.396489
  0
VERTEX
  8
LAYER_1
 62
    39
  6
CONTINUOUS
 10
-1.059609
 20
2.401139
  0
VERTEX
  8
LAYER_1
 62
    39
  6
CONTINUOUS
 10
-1.064105
 20
2.405768
  0
VERTEX
  8
LAYER_1
 62
    39
  6
CONTINUOUS
 10
-1.068624
 20
2.410376
  0
VERTEX
  8
LAYER_1
 62
    39
  6
CONTINUOUS
 10
-1.073163
 20
2.414963
  0
VERTEX
  8
LAYER_1
 62
    39
  6
CONTINUOUS
 10
-1.077723
 20
2.419529
  0
VERTEX
  8
LAYER_1
 62
    39
  6
CONTINUOUS
 10
-1.082305
 20
2.424074
  0
VERTEX
  8
LAYER_1
 62
    39
  6
CONTINUOUS
 10
-1.086907
 20
2.428598
  0
VERTEX
  8
LAYER_1
 62
    39
  6
CONTINUOUS
 10
-1.091530
 20
2.433101
  0
VERTEX
  8
LAYER_1
 62
    39
  6
CONTINUOUS
 10
-1.096174
 20
2.437582
  0
VERTEX
  8
LAYER_1
 62
    39
  6
CONTINUOUS
 10
-1.100839
 20
2.442042
  0
VERTEX
  8
LAYER_1
 62
    39
  6
CONTINUOUS
 10
-1.105524
 20
2.446481
  0
VERTEX
  8
LAYER_1
 62
    39
  6
CONTINUOUS
 10
-1.110229
 20
2.450897
  0
VERTEX
  8
LAYER_1
 62
    39
  6
CONTINUOUS
 10
-1.114955
 20
2.455292
  0
VERTEX
  8
LAYER_1
 62
    39
  6
CONTINUOUS
 10
-1.119701
 20
2.459666
  0
VERTEX
  8
LAYER_1
 62
    39
  6
CONTINUOUS
 10
-1.124467
 20
2.464017
  0
VERTEX
  8
LAYER_1
 62
    39
  6
CONTINUOUS
 10
-1.129253
 20
2.468346
  0
VERTEX
  8
LAYER_1
 62
    39
  6
CONTINUOUS
 10
-1.134059
 20
2.472653
  0
VERTEX
  8
LAYER_1
 62
    39
  6
CONTINUOUS
 10
-1.138885
 20
2.476938
  0
VERTEX
  8
LAYER_1
 62
    39
  6
CONTINUOUS
 10
-1.143730
 20
2.481201
  0
VERTEX
  8
LAYER_1
 62
    39
  6
CONTINUOUS
 10
-1.148595
 20
2.485441
  0
VERTEX
  8
LAYER_1
 62
    39
  6
CONTINUOUS
 10
-1.153480
 20
2.489659
  0
VERTEX
  8
LAYER_1
 62
    39
  6
CONTINUOUS
 10
-1.158384
 20
2.493854
  0
VERTEX
  8
LAYER_1
 62
    39
  6
CONTINUOUS
 10
-1.163307
 20
2.498026
  0
VERTEX
  8
LAYER_1
 62
    39
  6
CONTINUOUS
 10
-1.168249
 20
2.502176
  0
VERTEX
  8
LAYER_1
 62
    39
  6
CONTINUOUS
 10
-1.173211
 20
2.506303
  0
VERTEX
  8
LAYER_1
 62
    39
  6
CONTINUOUS
 10
-1.178191
 20
2.510407
  0
VERTEX
  8
LAYER_1
 62
    39
  6
CONTINUOUS
 10
-1.183190
 20
2.514488
  0
VERTEX
  8
LAYER_1
 62
    39
  6
CONTINUOUS
 10
-1.188209
 20
2.518546
  0
VERTEX
  8
LAYER_1
 62
    39
  6
CONTINUOUS
 10
-1.193245
 20
2.522581
  0
VERTEX
  8
LAYER_1
 62
    39
  6
CONTINUOUS
 10
-1.198301
 20
2.526593
  0
VERTEX
  8
LAYER_1
 62
    39
  6
CONTINUOUS
 10
-1.203374
 20
2.530581
  0
VERTEX
  8
LAYER_1
 62
    39
  6
CONTINUOUS
 10
-1.208466
 20
2.534546
  0
VERTEX
  8
LAYER_1
 62
    39
  6
CONTINUOUS
 10
-1.213577
 20
2.538487
  0
VERTEX
  8
LAYER_1
 62
    39
  6
CONTINUOUS
 10
-1.218705
 20
2.542405
  0
VERTEX
  8
LAYER_1
 62
    39
  6
CONTINUOUS
 10
-1.223851
 20
2.546299
  0
VERTEX
  8
LAYER_1
 62
    39
  6
CONTINUOUS
 10
-1.229016
 20
2.550169
  0
VERTEX
  8
LAYER_1
 62
    39
  6
CONTINUOUS
 10
-1.234198
 20
2.554015
  0
VERTEX
  8
LAYER_1
 62
    39
  6
CONTINUOUS
 10
-1.239397
 20
2.557838
  0
VERTEX
  8
LAYER_1
 62
    39
  6
CONTINUOUS
 10
-1.244615
 20
2.561636
  0
VERTEX
  8
LAYER_1
 62
    39
  6
CONTINUOUS
 10
-1.249849
 20
2.565410
  0
VERTEX
  8
LAYER_1
 62
    39
  6
CONTINUOUS
 10
-1.255102
 20
2.569161
  0
VERTEX
  8
LAYER_1
 62
    39
  6
CONTINUOUS
 10
-1.260371
 20
2.572886
  0
VERTEX
  8
LAYER_1
 62
    39
  6
CONTINUOUS
 10
-1.265657
 20
2.576588
  0
VERTEX
  8
LAYER_1
 62
    39
  6
CONTINUOUS
 10
-1.270961
 20
2.580265
  0
VERTEX
  8
LAYER_1
 62
    39
  6
CONTINUOUS
 10
-1.276281
 20
2.583918
  0
VERTEX
  8
LAYER_1
 62
    39
  6
CONTINUOUS
 10
-1.281618
 20
2.587546
  0
VERTEX
  8
LAYER_1
 62
    39
  6
CONTINUOUS
 10
-1.286972
 20
2.591150
  0
VERTEX
  8
LAYER_1
 62
    39
  6
CONTINUOUS
 10
-1.292342
 20
2.594728
  0
VERTEX
  8
LAYER_1
 62
    39
  6
CONTINUOUS
 10
-1.297729
 20
2.598282
  0
VERTEX
  8
LAYER_1
 62
    39
  6
CONTINUOUS
 10
-1.303132
 20
2.601811
  0
VERTEX
  8
LAYER_1
 62
    39
  6
CONTINUOUS
 10
-1.308552
 20
2.605316
  0
VERTEX
  8
LAYER_1
 62
    39
  6
CONTINUOUS
 10
-1.313987
 20
2.608795
  0
VERTEX
  8
LAYER_1
 62
    39
  6
CONTINUOUS
 10
-1.319439
 20
2.612249
  0
VERTEX
  8
LAYER_1
 62
    39
  6
CONTINUOUS
 10
-1.324906
 20
2.615678
  0
VERTEX
  8
LAYER_1
 62
    39
  6
CONTINUOUS
 10
-1.330389
 20
2.619081
  0
VERTEX
  8
LAYER_1
 62
    39
  6
CONTINUOUS
 10
-1.335887
 20
2.622460
  0
VERTEX
  8
LAYER_1
 62
    39
  6
CONTINUOUS
 10
-1.341402
 20
2.625813
  0
VERTEX
  8
LAYER_1
 62
    39
  6
CONTINUOUS
 10
-1.346931
 20
2.629140
  0
VERTEX
  8
LAYER_1
 62
    39
  6
CONTINUOUS
 10
-1.352476
 20
2.632442
  0
VERTEX
  8
LAYER_1
 62
    39
  6
CONTINUOUS
 10
-1.358036
 20
2.635719
  0
VERTEX
  8
LAYER_1
 62
    39
  6
CONTINUOUS
 10
-1.363611
 20
2.638969
  0
VERTEX
  8
LAYER_1
 62
    39
  6
CONTINUOUS
 10
-1.369201
 20
2.642194
  0
VERTEX
  8
LAYER_1
 62
    39
  6
CONTINUOUS
 10
-1.374806
 20
2.645393
  0
VERTEX
  8
LAYER_1
 62
    39
  6
CONTINUOUS
 10
-1.380425
 20
2.648567
  0
VERTEX
  8
LAYER_1
 62
    39
  6
CONTINUOUS
 10
-1.386059
 20
2.651714
  0
VERTEX
  8
LAYER_1
 62
    39
  6
CONTINUOUS
 10
-1.391708
 20
2.654835
  0
VERTEX
  8
LAYER_1
 62
    39
  6
CONTINUOUS
 10
-1.397371
 20
2.657931
  0
VERTEX
  8
LAYER_1
 62
    39
  6
CONTINUOUS
 10
-1.403048
 20
2.661000
  0
VERTEX
  8
LAYER_1
 62
    39
  6
CONTINUOUS
 10
-1.408739
 20
2.664043
  0
VERTEX
  8
LAYER_1
 62
    39
  6
CONTINUOUS
 10
-1.414444
 20
2.667060
  0
VERTEX
  8
LAYER_1
 62
    39
  6
CONTINUOUS
 10
-1.420163
 20
2.670050
  0
VERTEX
  8
LAYER_1
 62
    39
  6
CONTINUOUS
 10
-1.425895
 20
2.673014
  0
VERTEX
  8
LAYER_1
 62
    39
  6
CONTINUOUS
 10
-1.431642
 20
2.675951
  0
VERTEX
  8
LAYER_1
 62
    39
  6
CONTINUOUS
 10
-1.437401
 20
2.678862
  0
VERTEX
  8
LAYER_1
 62
    39
  6
CONTINUOUS
 10
-1.443174
 20
2.681747
  0
VERTEX
  8
LAYER_1
 62
    39
  6
CONTINUOUS
 10
-1.448961
 20
2.684605
  0
VERTEX
  8
LAYER_1
 62
    39
  6
CONTINUOUS
 10
-1.454760
 20
2.687436
  0
VERTEX
  8
LAYER_1
 62
    39
  6
CONTINUOUS
 10
-1.460573
 20
2.690240
  0
VERTEX
  8
LAYER_1
 62
    39
  6
CONTINUOUS
 10
-1.466398
 20
2.693017
  0
VERTEX
  8
LAYER_1
 62
    39
  6
CONTINUOUS
 10
-1.472236
 20
2.695768
  0
VERTEX
  8
LAYER_1
 62
    39
  6
CONTINUOUS
 10
-1.478087
 20
2.698492
  0
VERTEX
  8
LAYER_1
 62
    39
  6
CONTINUOUS
 10
-1.483950
 20
2.701188
  0
VERTEX
  8
LAYER_1
 62
    39
  6
CONTINUOUS
 10
-1.489825
 20
2.703858
  0
VERTEX
  8
LAYER_1
 62
    39
  6
CONTINUOUS
 10
-1.495713
 20
2.706500
  0
VERTEX
  8
LAYER_1
 62
    39
  6
CONTINUOUS
 10
-1.501613
 20
2.709116
  0
VERTEX
  8
LAYER_1
 62
    39
  6
CONTINUOUS
 10
-1.507525
 20
2.711704
  0
VERTEX
  8
LAYER_1
 62
    39
  6
CONTINUOUS
 10
-1.513448
 20
2.714265
  0
VERTEX
  8
LAYER_1
 62
    39
  6
CONTINUOUS
 10
-1.519384
 20
2.716798
  0
VERTEX
  8
LAYER_1
 62
    39
  6
CONTINUOUS
 10
-1.525331
 20
2.719304
  0
VERTEX
  8
LAYER_1
 62
    39
  6
CONTINUOUS
 10
-1.531290
 20
2.721783
  0
VERTEX
  8
LAYER_1
 62
    39
  6
CONTINUOUS
 10
-1.537260
 20
2.724234
  0
VERTEX
  8
LAYER_1
 62
    39
  6
CONTINUOUS
 10
-1.543241
 20
2.726658
  0
VERTEX
  8
LAYER_1
 62
    39
  6
CONTINUOUS
 10
-1.549233
 20
2.729054
  0
VERTEX
  8
LAYER_1
 62
    39
  6
CONTINUOUS
 10
-1.555236
 20
2.731422
  0
VERTEX
  8
LAYER_1
 62
    39
  6
CONTINUOUS
 10
-1.561250
 20
2.733763
  0
VERTEX
  8
LAYER_1
 62
    39
  6
CONTINUOUS
 10
-1.567275
 20
2.736076
  0
VERTEX
  8
LAYER_1
 62
    39
  6
CONTINUOUS
 10
-1.573311
 20
2.738361
  0
VERTEX
  8
LAYER_1
 62
    39
  6
CONTINUOUS
 10
-1.579357
 20
2.740618
  0
VERTEX
  8
LAYER_1
 62
    39
  6
CONTINUOUS
 10
-1.585413
 20
2.742848
  0
VERTEX
  8
LAYER_1
 62
    39
  6
CONTINUOUS
 10
-1.591479
 20
2.745049
  0
VERTEX
  8
LAYER_1
 62
    39
  6
CONTINUOUS
 10
-1.597556
 20
2.747222
  0
VERTEX
  8
LAYER_1
 62
    39
  6
CONTINUOUS
 10
-1.603642
 20
2.749368
  0
VERTEX
  8
LAYER_1
 62
    39
  6
CONTINUOUS
 10
-1.609739
 20
2.751485
  0
VERTEX
  8
LAYER_1
 62
    39
  6
CONTINUOUS
 10
-1.615845
 20
2.753574
  0
VERTEX
  8
LAYER_1
 62
    39
  6
CONTINUOUS
 10
-1.621960
 20
2.755636
  0
VERTEX
  8
LAYER_1
 62
    39
  6
CONTINUOUS
 10
-1.628085
 20
2.757668
  0
VERTEX
  8
LAYER_1
 62
    39
  6
CONTINUOUS
 10
-1.634220
 20
2.759673
  0
VERTEX
  8
LAYER_1
 62
    39
  6
CONTINUOUS
 10
-1.640363
 20
2.761649
  0
VERTEX
  8
LAYER_1
 62
    39
  6
CONTINUOUS
 10
-1.646516
 20
2.763597
  0
VERTEX
  8
LAYER_1
 62
    39
  6
CONTINUOUS
 10
-1.652677
 20
2.765517
  0
VERTEX
  8
LAYER_1
 62
    39
  6
CONTINUOUS
 10
-1.658847
 20
2.767408
  0
VERTEX
  8
LAYER_1
 62
    39
  6
CONTINUOUS
 10
-1.665026
 20
2.769271
  0
VERTEX
  8
LAYER_1
 62
    39
  6
CONTINUOUS
 10
-1.671214
 20
2.771105
  0
VERTEX
  8
LAYER_1
 62
    39
  6
CONTINUOUS
 10
-1.677409
 20
2.772910
  0
VERTEX
  8
LAYER_1
 62
    39
  6
CONTINUOUS
 10
-1.683614
 20
2.774687
  0
VERTEX
  8
LAYER_1
 62
    39
  6
CONTINUOUS
 10
-1.689826
 20
2.776436
  0
VERTEX
  8
LAYER_1
 62
    39
  6
CONTINUOUS
 10
-1.696046
 20
2.778156
  0
VERTEX
  8
LAYER_1
 62
    39
  6
CONTINUOUS
 10
-1.702274
 20
2.779847
  0
VERTEX
  8
LAYER_1
 62
    39
  6
CONTINUOUS
 10
-1.708510
 20
2.781509
  0
VERTEX
  8
LAYER_1
 62
    39
  6
CONTINUOUS
 10
-1.714753
 20
2.783143
  0
VERTEX
  8
LAYER_1
 62
    39
  6
CONTINUOUS
 10
-1.721004
 20
2.784748
  0
VERTEX
  8
LAYER_1
 62
    39
  6
CONTINUOUS
 10
-1.727262
 20
2.786323
  0
VERTEX
  8
LAYER_1
 62
    39
  6
CONTINUOUS
 10
-1.733527
 20
2.787871
  0
VERTEX
  8
LAYER_1
 62
    39
  6
CONTINUOUS
 10
-1.739800
 20
2.789389
  0
VERTEX
  8
LAYER_1
 62
    39
  6
CONTINUOUS
 10
-1.746079
 20
2.790878
  0
VERTEX
  8
LAYER_1
 62
    39
  6
CONTINUOUS
 10
-1.752365
 20
2.792338
  0
VERTEX
  8
LAYER_1
 62
    39
  6
CONTINUOUS
 10
-1.758658
 20
2.793770
  0
VERTEX
  8
LAYER_1
 62
    39
  6
CONTINUOUS
 10
-1.764958
 20
2.795172
  0
VERTEX
  8
LAYER_1
 62
    39
  6
CONTINUOUS
 10
-1.771263
 20
2.796545
  0
VERTEX
  8
LAYER_1
 62
    39
  6
CONTINUOUS
 10
-1.777575
 20
2.797889
  0
VERTEX
  8
LAYER_1
 62
    39
  6
CONTINUOUS
 10
-1.783893
 20
2.799205
  0
VERTEX
  8
LAYER_1
 62
    39
  6
CONTINUOUS
 10
-1.790218
 20
2.800490
  0
VERTEX
  8
LAYER_1
 62
    39
  6
CONTINUOUS
 10
-1.796548
 20
2.801747
  0
VERTEX
  8
LAYER_1
 62
    39
  6
CONTINUOUS
 10
-1.802883
 20
2.802975
  0
VERTEX
  8
LAYER_1
 62
    39
  6
CONTINUOUS
 10
-1.809225
 20
2.804173
  0
VERTEX
  8
LAYER_1
 62
    39
  6
CONTINUOUS
 10
-1.815571
 20
2.805342
  0
VERTEX
  8
LAYER_1
 62
    39
  6
CONTINUOUS
 10
-1.821924
 20
2.806482
  0
VERTEX
  8
LAYER_1
 62
    39
  6
CONTINUOUS
 10
-1.828281
 20
2.807593
  0
VERTEX
  8
LAYER_1
 62
    39
  6
CONTINUOUS
 10
-1.834643
 20
2.808674
  0
VERTEX
  8
LAYER_1
 62
    39
  6
CONTINUOUS
 10
-1.841010
 20
2.809726
  0
VERTEX
  8
LAYER_1
 62
    39
  6
CONTINUOUS
 10
-1.847382
 20
2.810748
  0
VERTEX
  8
LAYER_1
 62
    39
  6
CONTINUOUS
 10
-1.853759
 20
2.811741
  0
VERTEX
  8
LAYER_1
 62
    39
  6
CONTINUOUS
 10
-1.860140
 20
2.812705
  0
VERTEX
  8
LAYER_1
 62
    39
  6
CONTINUOUS
 10
-1.866526
 20
2.813639
  0
VERTEX
  8
LAYER_1
 62
    39
  6
CONTINUOUS
 10
-1.872916
 20
2.814544
  0
VERTEX
  8
LAYER_1
 62
    39
  6
CONTINUOUS
 10
-1.879310
 20
2.815420
  0
VERTEX
  8
LAYER_1
 62
    39
  6
CONTINUOUS
 10
-1.885707
 20
2.816266
  0
VERTEX
  8
LAYER_1
 62
    39
  6
CONTINUOUS
 10
-1.892109
 20
2.817082
  0
VERTEX
  8
LAYER_1
 62
    39
  6
CONTINUOUS
 10
-1.898515
 20
2.817869
  0
VERTEX
  8
LAYER_1
 62
    39
  6
CONTINUOUS
 10
-1.904924
 20
2.818626
  0
VERTEX
  8
LAYER_1
 62
    39
  6
CONTINUOUS
 10
-1.911336
 20
2.819354
  0
VERTEX
  8
LAYER_1
 62
    39
  6
CONTINUOUS
 10
-1.917752
 20
2.820052
  0
VERTEX
  8
LAYER_1
 62
    39
  6
CONTINUOUS
 10
-1.924170
 20
2.820721
  0
VERTEX
  8
LAYER_1
 62
    39
  6
CONTINUOUS
 10
-1.930592
 20
2.821360
  0
VERTEX
  8
LAYER_1
 62
    39
  6
CONTINUOUS
 10
-1.937017
 20
2.821969
  0
VERTEX
  8
LAYER_1
 62
    39
  6
CONTINUOUS
 10
-1.943444
 20
2.822549
  0
VERTEX
  8
LAYER_1
 62
    39
  6
CONTINUOUS
 10
-1.949874
 20
2.823099
  0
VERTEX
  8
LAYER_1
 62
    39
  6
CONTINUOUS
 10
-1.956307
 20
2.823620
  0
VERTEX
  8
LAYER_1
 62
    39
  6
CONTINUOUS
 10
-1.962742
 20
2.824111
  0
VERTEX
  8
LAYER_1
 62
    39
  6
CONTINUOUS
 10
-1.969179
 20
2.824572
  0
VERTEX
  8
LAYER_1
 62
    39
  6
CONTINUOUS
 10
-1.975618
 20
2.825004
  0
VERTEX
  8
LAYER_1
 62
    39
  6
CONTINUOUS
 10
-1.982059
 20
2.825406
  0
VERTEX
  8
LAYER_1
 62
    39
  6
CONTINUOUS
 10
-1.988502
 20
2.825778
  0
VERTEX
  8
LAYER_1
 62
    39
  6
CONTINUOUS
 10
-1.994946
 20
2.826120
  0
VERTEX
  8
LAYER_1
 62
    39
  6
CONTINUOUS
 10
-2.001392
 20
2.826433
  0
VERTEX
  8
LAYER_1
 62
    39
  6
CONTINUOUS
 10
-2.007840
 20
2.826716
  0
VERTEX
  8
LAYER_1
 62
    39
  6
CONTINUOUS
 10
-2.014288
 20
2.826969
  0
VERTEX
  8
LAYER_1
 62
    39
  6
CONTINUOUS
 10
-2.020738
 20
2.827193
  0
VERTEX
  8
LAYER_1
 62
    39
  6
CONTINUOUS
 10
-2.027188
 20
2.827387
  0
VERTEX
  8
LAYER_1
 62
    39
  6
CONTINUOUS
 10
-2.033640
 20
2.827551
  0
VERTEX
  8
LAYER_1
 62
    39
  6
CONTINUOUS
 10
-2.040092
 20
2.827685
  0
VERTEX
  8
LAYER_1
 62
    39
  6
CONTINUOUS
 10
-2.046545
 20
2.827790
  0
VERTEX
  8
LAYER_1
 62
    39
  6
CONTINUOUS
 10
-2.052998
 20
2.827865
  0
VERTEX
  8
LAYER_1
 62
    39
  6
CONTINUOUS
 10
-2.059451
 20
2.827910
  0
VERTEX
  8
LAYER_1
 62
    39
  6
CONTINUOUS
 10
-2.065905
 20
2.827925
  0
VERTEX
  8
LAYER_1
 62
    39
  6
CONTINUOUS
 10
-2.072358
 20
2.827911
  0
VERTEX
  8
LAYER_1
 62
    39
  6
CONTINUOUS
 10
-2.078812
 20
2.827867
  0
VERTEX
  8
LAYER_1
 62
    39
  6
CONTINUOUS
 10
-2.085265
 20
2.827793
  0
VERTEX
  8
LAYER_1
 62
    39
  6
CONTINUOUS
 10
-2.091718
 20
2.827689
  0
VERTEX
  8
LAYER_1
 62
    39
  6
CONTINUOUS
 10
-2.098170
 20
2.827556
  0
VERTEX
  8
LAYER_1
 62
    39
  6
CONTINUOUS
 10
-2.104621
 20
2.827393
  0
VERTEX
  8
LAYER_1
 62
    39
  6
CONTINUOUS
 10
-2.111072
 20
2.827200
  0
VERTEX
  8
LAYER_1
 62
    39
  6
CONTINUOUS
 10
-2.117522
 20
2.826977
  0
VERTEX
  8
LAYER_1
 62
    39
  6
CONTINUOUS
 10
-2.123970
 20
2.826725
  0
VERTEX
  8
LAYER_1
 62
    39
  6
CONTINUOUS
 10
-2.130418
 20
2.826443
  0
VERTEX
  8
LAYER_1
 62
    39
  6
CONTINUOUS
 10
-2.136864
 20
2.826131
  0
VERTEX
  8
LAYER_1
 62
    39
  6
CONTINUOUS
 10
-2.143308
 20
2.825790
  0
VERTEX
  8
LAYER_1
 62
    39
  6
CONTINUOUS
 10
-2.149751
 20
2.825419
  0
VERTEX
  8
LAYER_1
 62
    39
  6
CONTINUOUS
 10
-2.156192
 20
2.825018
  0
VERTEX
  8
LAYER_1
 62
    39
  6
CONTINUOUS
 10
-2.162631
 20
2.824587
  0
VERTEX
  8
LAYER_1
 62
    39
  6
CONTINUOUS
 10
-2.169068
 20
2.824127
  0
VERTEX
  8
LAYER_1
 62
    39
  6
CONTINUOUS
 10
-2.175503
 20
2.823637
  0
VERTEX
  8
LAYER_1
 62
    39
  6
CONTINUOUS
 10
-2.181936
 20
2.823118
  0
VERTEX
  8
LAYER_1
 62
    39
  6
CONTINUOUS
 10
-2.188366
 20
2.822569
  0
VERTEX
  8
LAYER_1
 62
    39
  6
CONTINUOUS
 10
-2.194794
 20
2.821990
  0
VERTEX
  8
LAYER_1
 62
    39
  6
CONTINUOUS
 10
-2.201219
 20
2.821381
  0
VERTEX
  8
LAYER_1
 62
    39
  6
CONTINUOUS
 10
-2.207640
 20
2.820743
  0
VERTEX
  8
LAYER_1
 62
    39
  6
CONTINUOUS
 10
-2.214059
 20
2.820076
  0
VERTEX
  8
LAYER_1
 62
    39
  6
CONTINUOUS
 10
-2.220475
 20
2.819378
  0
VERTEX
  8
LAYER_1
 62
    39
  6
CONTINUOUS
 10
-2.226888
 20
2.818652
  0
VERTEX
  8
LAYER_1
 62
    39
  6
CONTINUOUS
 10
-2.233297
 20
2.817895
  0
VERTEX
  8
LAYER_1
 62
    39
  6
CONTINUOUS
 10
-2.239702
 20
2.817109
  0
VERTEX
  8
LAYER_1
 62
    39
  6
CONTINUOUS
 10
-2.246104
 20
2.816294
  0
VERTEX
  8
LAYER_1
 62
    39
  6
CONTINUOUS
 10
-2.252502
 20
2.815449
  0
VERTEX
  8
LAYER_1
 62
    39
  6
CONTINUOUS
 10
-2.258896
 20
2.814575
  0
VERTEX
  8
LAYER_1
 62
    39
  6
CONTINUOUS
 10
-2.265286
 20
2.813671
  0
VERTEX
  8
LAYER_1
 62
    39
  6
CONTINUOUS
 10
-2.271672
 20
2.812738
  0
VERTEX
  8
LAYER_1
 62
    39
  6
CONTINUOUS
 10
-2.278053
 20
2.811775
  0
VERTEX
  8
LAYER_1
 62
    39
  6
CONTINUOUS
 10
-2.284430
 20
2.810783
  0
VERTEX
  8
LAYER_1
 62
    39
  6
CONTINUOUS
 10
-2.290802
 20
2.809761
  0
VERTEX
  8
LAYER_1
 62
    39
  6
CONTINUOUS
 10
-2.297170
 20
2.808710
  0
VERTEX
  8
LAYER_1
 62
    39
  6
CONTINUOUS
 10
-2.303532
 20
2.807630
  0
VERTEX
  8
LAYER_1
 62
    39
  6
CONTINUOUS
 10
-2.309890
 20
2.806521
  0
VERTEX
  8
LAYER_1
 62
    39
  6
CONTINUOUS
 10
-2.316242
 20
2.805382
  0
VERTEX
  8
LAYER_1
 62
    39
  6
CONTINUOUS
 10
-2.322589
 20
2.804214
  0
VERTEX
  8
LAYER_1
 62
    39
  6
CONTINUOUS
 10
-2.328930
 20
2.803016
  0
VERTEX
  8
LAYER_1
 62
    39
  6
CONTINUOUS
 10
-2.335266
 20
2.801790
  0
VERTEX
  8
LAYER_1
 62
    39
  6
CONTINUOUS
 10
-2.341596
 20
2.800534
  0
VERTEX
  8
LAYER_1
 62
    39
  6
CONTINUOUS
 10
-2.347921
 20
2.799249
  0
VERTEX
  8
LAYER_1
 62
    39
  6
CONTINUOUS
 10
-2.354239
 20
2.797935
  0
VERTEX
  8
LAYER_1
 62
    39
  6
CONTINUOUS
 10
-2.360551
 20
2.796592
  0
VERTEX
  8
LAYER_1
 62
    39
  6
CONTINUOUS
 10
-2.366857
 20
2.795220
  0
VERTEX
  8
LAYER_1
 62
    39
  6
CONTINUOUS
 10
-2.373157
 20
2.793818
  0
VERTEX
  8
LAYER_1
 62
    39
  6
CONTINUOUS
 10
-2.379450
 20
2.792388
  0
VERTEX
  8
LAYER_1
 62
    39
  6
CONTINUOUS
 10
-2.385736
 20
2.790929
  0
VERTEX
  8
LAYER_1
 62
    39
  6
CONTINUOUS
 10
-2.392016
 20
2.789440
  0
VERTEX
  8
LAYER_1
 62
    39
  6
CONTINUOUS
 10
-2.398289
 20
2.787923
  0
VERTEX
  8
LAYER_1
 62
    39
  6
CONTINUOUS
 10
-2.404554
 20
2.786377
  0
VERTEX
  8
LAYER_1
 62
    39
  6
CONTINUOUS
 10
-2.410813
 20
2.784802
  0
VERTEX
  8
LAYER_1
 62
    39
  6
CONTINUOUS
 10
-2.417064
 20
2.783198
  0
VERTEX
  8
LAYER_1
 62
    39
  6
CONTINUOUS
 10
-2.423307
 20
2.781566
  0
VERTEX
  8
LAYER_1
 62
    39
  6
CONTINUOUS
 10
-2.429543
 20
2.779904
  0
VERTEX
  8
LAYER_1
 62
    39
  6
CONTINUOUS
 10
-2.435772
 20
2.778214
  0
VERTEX
  8
LAYER_1
 62
    39
  6
CONTINUOUS
 10
-2.441992
 20
2.776495
  0
VERTEX
  8
LAYER_1
 62
    39
  6
CONTINUOUS
 10
-2.448205
 20
2.774748
  0
VERTEX
  8
LAYER_1
 62
    39
  6
CONTINUOUS
 10
-2.454409
 20
2.772972
  0
VERTEX
  8
LAYER_1
 62
    39
  6
CONTINUOUS
 10
-2.460605
 20
2.771167
  0
VERTEX
  8
LAYER_1
 62
    39
  6
CONTINUOUS
 10
-2.466793
 20
2.769334
  0
VERTEX
  8
LAYER_1
 62
    39
  6
CONTINUOUS
 10
-2.472972
 20
2.767472
  0
VERTEX
  8
LAYER_1
 62
    39
  6
CONTINUOUS
 10
-2.479143
 20
2.765582
  0
VERTEX
  8
LAYER_1
 62
    39
  6
CONTINUOUS
 10
-2.485304
 20
2.763664
  0
VERTEX
  8
LAYER_1
 62
    39
  6
CONTINUOUS
 10
-2.491457
 20
2.761717
  0
VERTEX
  8
LAYER_1
 62
    39
  6
CONTINUOUS
 10
-2.497601
 20
2.759741
  0
VERTEX
  8
LAYER_1
 62
    39
  6
CONTINUOUS
 10
-2.503736
 20
2.757738
  0
VERTEX
  8
LAYER_1
 62
    39
  6
CONTINUOUS
 10
-2.509861
 20
2.755706
  0
VERTEX
  8
LAYER_1
 62
    39
  6
CONTINUOUS
 10
-2.515977
 20
2.753646
  0
VERTEX
  8
LAYER_1
 62
    39
  6
CONTINUOUS
 10
-2.522083
 20
2.751558
  0
VERTEX
  8
LAYER_1
 62
    39
  6
CONTINUOUS
 10
-2.528180
 20
2.749441
  0
VERTEX
  8
LAYER_1
 62
    39
  6
CONTINUOUS
 10
-2.534267
 20
2.747297
  0
VERTEX
  8
LAYER_1
 62
    39
  6
CONTINUOUS
 10
-2.540344
 20
2.745124
  0
VERTEX
  8
LAYER_1
 62
    39
  6
CONTINUOUS
 10
-2.546410
 20
2.742924
  0
VERTEX
  8
LAYER_1
 62
    39
  6
CONTINUOUS
 10
-2.552467
 20
2.740695
  0
VERTEX
  8
LAYER_1
 62
    39
  6
CONTINUOUS
 10
-2.558513
 20
2.738439
  0
VERTEX
  8
LAYER_1
 62
    39
  6
CONTINUOUS
 10
-2.564549
 20
2.736155
  0
VERTEX
  8
LAYER_1
 62
    39
  6
CONTINUOUS
 10
-2.570574
 20
2.733843
  0
VERTEX
  8
LAYER_1
 62
    39
  6
CONTINUOUS
 10
-2.576589
 20
2.731503
  0
VERTEX
  8
LAYER_1
 62
    39
  6
CONTINUOUS
 10
-2.582592
 20
2.729136
  0
VERTEX
  8
LAYER_1
 62
    39
  6
CONTINUOUS
 10
-2.588585
 20
2.726741
  0
VERTEX
  8
LAYER_1
 62
    39
  6
CONTINUOUS
 10
-2.594567
 20
2.724318
  0
VERTEX
  8
LAYER_1
 62
    39
  6
CONTINUOUS
 10
-2.600537
 20
2.721868
  0
VERTEX
  8
LAYER_1
 62
    39
  6
CONTINUOUS
 10
-2.606496
 20
2.719390
  0
VERTEX
  8
LAYER_1
 62
    39
  6
CONTINUOUS
 10
-2.612443
 20
2.716885
  0
VERTEX
  8
LAYER_1
 62
    39
  6
CONTINUOUS
 10
-2.618379
 20
2.714352
  0
VERTEX
  8
LAYER_1
 62
    39
  6
CONTINUOUS
 10
-2.624303
 20
2.711792
  0
VERTEX
  8
LAYER_1
 62
    39
  6
CONTINUOUS
 10
-2.630216
 20
2.709205
  0
VERTEX
  8
LAYER_1
 62
    39
  6
CONTINUOUS
 10
-2.636116
 20
2.706591
  0
VERTEX
  8
LAYER_1
 62
    39
  6
CONTINUOUS
 10
-2.642004
 20
2.703949
  0
VERTEX
  8
LAYER_1
 62
    39
  6
CONTINUOUS
 10
-2.647880
 20
2.701281
  0
VERTEX
  8
LAYER_1
 62
    39
  6
CONTINUOUS
 10
-2.653744
 20
2.698585
  0
VERTEX
  8
LAYER_1
 62
    39
  6
CONTINUOUS
 10
-2.659595
 20
2.695862
  0
VERTEX
  8
LAYER_1
 62
    39
  6
CONTINUOUS
 10
-2.665433
 20
2.693112
  0
VERTEX
  8
LAYER_1
 62
    39
  6
CONTINUOUS
 10
-2.671259
 20
2.690336
  0
VERTEX
  8
LAYER_1
 62
    39
  6
CONTINUOUS
 10
-2.677072
 20
2.687533
  0
VERTEX
  8
LAYER_1
 62
    39
  6
CONTINUOUS
 10
-2.682872
 20
2.684702
  0
VERTEX
  8
LAYER_1
 62
    39
  6
CONTINUOUS
 10
-2.688658
 20
2.681846
  0
VERTEX
  8
LAYER_1
 62
    39
  6
CONTINUOUS
 10
-2.694432
 20
2.678962
  0
VERTEX
  8
LAYER_1
 62
    39
  6
CONTINUOUS
 10
-2.700192
 20
2.676052
  0
VERTEX
  8
LAYER_1
 62
    39
  6
CONTINUOUS
 10
-2.705939
 20
2.673115
  0
VERTEX
  8
LAYER_1
 62
    39
  6
CONTINUOUS
 10
-2.711672
 20
2.670152
  0
VERTEX
  8
LAYER_1
 62
    39
  6
CONTINUOUS
 10
-2.717391
 20
2.667163
  0
VERTEX
  8
LAYER_1
 62
    39
  6
CONTINUOUS
 10
-2.723097
 20
2.664147
  0
VERTEX
  8
LAYER_1
 62
    39
  6
CONTINUOUS
 10
-2.728788
 20
2.661105
  0
VERTEX
  8
LAYER_1
 62
    39
  6
CONTINUOUS
 10
-2.734466
 20
2.658037
  0
VERTEX
  8
LAYER_1
 62
    39
  6
CONTINUOUS
 10
-2.740129
 20
2.654942
  0
VERTEX
  8
LAYER_1
 62
    39
  6
CONTINUOUS
 10
-2.745778
 20
2.651822
  0
VERTEX
  8
LAYER_1
 62
    39
  6
CONTINUOUS
 10
-2.751413
 20
2.648675
  0
VERTEX
  8
LAYER_1
 62
    39
  6
CONTINUOUS
 10
-2.757033
 20
2.645503
  0
VERTEX
  8
LAYER_1
 62
    39
  6
CONTINUOUS
 10
-2.762638
 20
2.642305
  0
VERTEX
  8
LAYER_1
 62
    39
  6
CONTINUOUS
 10
-2.768229
 20
2.639081
  0
VERTEX
  8
LAYER_1
 62
    39
  6
CONTINUOUS
 10
-2.773804
 20
2.635831
  0
VERTEX
  8
LAYER_1
 62
    39
  6
CONTINUOUS
 10
-2.779365
 20
2.632555
  0
VERTEX
  8
LAYER_1
 62
    39
  6
CONTINUOUS
 10
-2.784910
 20
2.629254
  0
VERTEX
  8
LAYER_1
 62
    39
  6
CONTINUOUS
 10
-2.790440
 20
2.625927
  0
VERTEX
  8
LAYER_1
 62
    39
  6
CONTINUOUS
 10
-2.795955
 20
2.622575
  0
VERTEX
  8
LAYER_1
 62
    39
  6
CONTINUOUS
 10
-2.801454
 20
2.619198
  0
VERTEX
  8
LAYER_1
 62
    39
  6
CONTINUOUS
 10
-2.806938
 20
2.615795
  0
VERTEX
  8
LAYER_1
 62
    39
  6
CONTINUOUS
 10
-2.812405
 20
2.612367
  0
VERTEX
  8
LAYER_1
 62
    39
  6
CONTINUOUS
 10
-2.817857
 20
2.608914
  0
VERTEX
  8
LAYER_1
 62
    39
  6
CONTINUOUS
 10
-2.823293
 20
2.605436
  0
VERTEX
  8
LAYER_1
 62
    39
  6
CONTINUOUS
 10
-2.828713
 20
2.601932
  0
VERTEX
  8
LAYER_1
 62
    39
  6
CONTINUOUS
 10
-2.834117
 20
2.598404
  0
VERTEX
  8
LAYER_1
 62
    39
  6
CONTINUOUS
 10
-2.839504
 20
2.594851
  0
VERTEX
  8
LAYER_1
 62
    39
  6
CONTINUOUS
 10
-2.844875
 20
2.591273
  0
VERTEX
  8
LAYER_1
 62
    39
  6
CONTINUOUS
 10
-2.850229
 20
2.587670
  0
VERTEX
  8
LAYER_1
 62
    39
  6
CONTINUOUS
 10
-2.855567
 20
2.584043
  0
VERTEX
  8
LAYER_1
 62
    39
  6
CONTINUOUS
 10
-2.860888
 20
2.580391
  0
VERTEX
  8
LAYER_1
 62
    39
  6
CONTINUOUS
 10
-2.866192
 20
2.576715
  0
VERTEX
  8
LAYER_1
 62
    39
  6
CONTINUOUS
 10
-2.871479
 20
2.573014
  0
VERTEX
  8
LAYER_1
 62
    39
  6
CONTINUOUS
 10
-2.876749
 20
2.569289
  0
VERTEX
  8
LAYER_1
 62
    39
  6
CONTINUOUS
 10
-2.882002
 20
2.565540
  0
VERTEX
  8
LAYER_1
 62
    39
  6
CONTINUOUS
 10
-2.887237
 20
2.561766
  0
VERTEX
  8
LAYER_1
 62
    39
  6
CONTINUOUS
 10
-2.892455
 20
2.557969
  0
VERTEX
  8
LAYER_1
 62
    39
  6
CONTINUOUS
 10
-2.897655
 20
2.554147
  0
VERTEX
  8
LAYER_1
 62
    39
  6
CONTINUOUS
 10
-2.902838
 20
2.550301
  0
VERTEX
  8
LAYER_1
 62
    39
  6
CONTINUOUS
 10
-2.908003
 20
2.546432
  0
VERTEX
  8
LAYER_1
 62
    39
  6
CONTINUOUS
 10
-2.913150
 20
2.542539
  0
VERTEX
  8
LAYER_1
 62
    39
  6
CONTINUOUS
 10
-2.918279
 20
2.538622
  0
VERTEX
  8
LAYER_1
 62
    39
  6
CONTINUOUS
 10
-2.923390
 20
2.534682
  0
VERTEX
  8
LAYER_1
 62
    39
  6
CONTINUOUS
 10
-2.928483
 20
2.530718
  0
VERTEX
  8
LAYER_1
 62
    39
  6
CONTINUOUS
 10
-2.933557
 20
2.526730
  0
VERTEX
  8
LAYER_1
 62
    39
  6
CONTINUOUS
 10
-2.938613
 20
2.522719
  0
VERTEX
  8
LAYER_1
 62
    39
  6
CONTINUOUS
 10
-2.943650
 20
2.518685
  0
VERTEX
  8
LAYER_1
 62
    39
  6
CONTINUOUS
 10
-2.948669
 20
2.514628
  0
VERTEX
  8
LAYER_1
 62
    39
  6
CONTINUOUS
 10
-2.953669
 20
2.510548
  0
VERTEX
  8
LAYER_1
 62
    39
  6
CONTINUOUS
 10
-2.958650
 20
2.506445
  0
VERTEX
  8
LAYER_1
 62
    39
  6
CONTINUOUS
 10
-2.963612
 20
2.502318
  0
VERTEX
  8
LAYER_1
 62
    39
  6
CONTINUOUS
 10
-2.968555
 20
2.498169
  0
VERTEX
  8
LAYER_1
 62
    39
  6
CONTINUOUS
 10
-2.973479
 20
2.493998
  0
VERTEX
  8
LAYER_1
 62
    39
  6
CONTINUOUS
 10
-2.978384
 20
2.489803
  0
VERTEX
  8
LAYER_1
 62
    39
  6
CONTINUOUS
 10
-2.983269
 20
2.485586
  0
VERTEX
  8
LAYER_1
 62
    39
  6
CONTINUOUS
 10
-2.988135
 20
2.481347
  0
VERTEX
  8
LAYER_1
 62
    39
  6
CONTINUOUS
 10
-2.992981
 20
2.477085
  0
VERTEX
  8
LAYER_1
 62
    39
  6
CONTINUOUS
 10
-2.997807
 20
2.472801
  0
VERTEX
  8
LAYER_1
 62
    39
  6
CONTINUOUS
 10
-3.002614
 20
2.468494
  0
VERTEX
  8
LAYER_1
 62
    39
  6
CONTINUOUS
 10
-3.007400
 20
2.464166
  0
VERTEX
  8
LAYER_1
 62
    39
  6
CONTINUOUS
 10
-3.012167
 20
2.459815
  0
VERTEX
  8
LAYER_1
 62
    39
  6
CONTINUOUS
 10
-3.016914
 20
2.455443
  0
VERTEX
  8
LAYER_1
 62
    39
  6
CONTINUOUS
 10
-3.021640
 20
2.451049
  0
VERTEX
  8
LAYER_1
 62
    39
  6
CONTINUOUS
 10
-3.026346
 20
2.446633
  0
VERTEX
  8
LAYER_1
 62
    39
  6
CONTINUOUS
 10
-3.031032
 20
2.442195
  0
VERTEX
  8
LAYER_1
 62
    39
  6
CONTINUOUS
 10
-3.035697
 20
2.437736
  0
VERTEX
  8
LAYER_1
 62
    39
  6
CONTINUOUS
 10
-3.040342
 20
2.433255
  0
VERTEX
  8
LAYER_1
 62
    39
  6
CONTINUOUS
 10
-3.044966
 20
2.428753
  0
VERTEX
  8
LAYER_1
 62
    39
  6
CONTINUOUS
 10
-3.049569
 20
2.424230
  0
VERTEX
  8
LAYER_1
 62
    39
  6
CONTINUOUS
 10
-3.054151
 20
2.419686
  0
VERTEX
  8
LAYER_1
 62
    39
  6
CONTINUOUS
 10
-3.058712
 20
2.415120
  0
VERTEX
  8
LAYER_1
 62
    39
  6
CONTINUOUS
 10
-3.063252
 20
2.410534
  0
VERTEX
  8
LAYER_1
 62
    39
  6
CONTINUOUS
 10
-3.067771
 20
2.405926
  0
VERTEX
  8
LAYER_1
 62
    39
  6
CONTINUOUS
 10
-3.072269
 20
2.401298
  0
VERTEX
  8
LAYER_1
 62
    39
  6
CONTINUOUS
 10
-3.076745
 20
2.396649
  0
VERTEX
  8
LAYER_1
 62
    39
  6
CONTINUOUS
 10
-3.081200
 20
2.391980
  0
VERTEX
  8
LAYER_1
 62
    39
  6
CONTINUOUS
 10
-3.085633
 20
2.387290
  0
VERTEX
  8
LAYER_1
 62
    39
  6
CONTINUOUS
 10
-3.090044
 20
2.382580
  0
VERTEX
  8
LAYER_1
 62
    39
  6
CONTINUOUS
 10
-3.094434
 20
2.377849
  0
VERTEX
  8
LAYER_1
 62
    39
  6
CONTINUOUS
 10
-3.098802
 20
2.373098
  0
VERTEX
  8
LAYER_1
 62
    39
  6
CONTINUOUS
 10
-3.103148
 20
2.368327
  0
VERTEX
  8
LAYER_1
 62
    39
  6
CONTINUOUS
 10
-3.107472
 20
2.363537
  0
VERTEX
  8
LAYER_1
 62
    39
  6
CONTINUOUS
 10
-3.111774
 20
2.358726
  0
VERTEX
  8
LAYER_1
 62
    39
  6
CONTINUOUS
 10
-3.116053
 20
2.353895
  0
VERTEX
  8
LAYER_1
 62
    39
  6
CONTINUOUS
 10
-3.120311
 20
2.349045
  0
VERTEX
  8
LAYER_1
 62
    39
  6
CONTINUOUS
 10
-3.124546
 20
2.344176
  0
VERTEX
  8
LAYER_1
 62
    39
  6
CONTINUOUS
 10
-3.128758
 20
2.339286
  0
VERTEX
  8
LAYER_1
 62
    39
  6
CONTINUOUS
 10
-3.132948
 20
2.334378
  0
VERTEX
  8
LAYER_1
 62
    39
  6
CONTINUOUS
 10
-3.137115
 20
2.329450
  0
VERTEX
  8
LAYER_1
 62
    39
  6
CONTINUOUS
 10
-3.141259
 20
2.324503
  0
VERTEX
  8
LAYER_1
 62
    39
  6
CONTINUOUS
 10
-3.145381
 20
2.319537
  0
VERTEX
  8
LAYER_1
 62
    39
  6
CONTINUOUS
 10
-3.149479
 20
2.314552
  0
VERTEX
  8
LAYER_1
 62
    39
  6
CONTINUOUS
 10
-3.153555
 20
2.309548
  0
VERTEX
  8
LAYER_1
 62
    39
  6
CONTINUOUS
 10
-3.157607
 20
2.304526
  0
VERTEX
  8
LAYER_1
 62
    39
  6
CONTINUOUS
 10
-3.161636
 20
2.299484
  0
VERTEX
  8
LAYER_1
 62
    39
  6
CONTINUOUS
 10
-3.165642
 20
2.294425
  0
VERTEX
  8
LAYER_1
 62
    39
  6
CONTINUOUS
 10
-3.169625
 20
2.289347
  0
VERTEX
  8
LAYER_1
 62
    39
  6
CONTINUOUS
 10
-3.173584
 20
2.284250
  0
VERTEX
  8
LAYER_1
 62
    39
  6
CONTINUOUS
 10
-3.177520
 20
2.279135
  0
VERTEX
  8
LAYER_1
 62
    39
  6
CONTINUOUS
 10
-3.181432
 20
2.274003
  0
VERTEX
  8
LAYER_1
 62
    39
  6
CONTINUOUS
 10
-3.185320
 20
2.268852
  0
VERTEX
  8
LAYER_1
 62
    39
  6
CONTINUOUS
 10
-3.189184
 20
2.263684
  0
VERTEX
  8
LAYER_1
 62
    39
  6
CONTINUOUS
 10
-3.193025
 20
2.258497
  0
VERTEX
  8
LAYER_1
 62
    39
  6
CONTINUOUS
 10
-3.196842
 20
2.253293
  0
VERTEX
  8
LAYER_1
 62
    39
  6
CONTINUOUS
 10
-3.200634
 20
2.248072
  0
VERTEX
  8
LAYER_1
 62
    39
  6
CONTINUOUS
 10
-3.204403
 20
2.242833
  0
VERTEX
  8
LAYER_1
 62
    39
  6
CONTINUOUS
 10
-3.208147
 20
2.237577
  0
VERTEX
  8
LAYER_1
 62
    39
  6
CONTINUOUS
 10
-3.211867
 20
2.232303
  0
VERTEX
  8
LAYER_1
 62
    39
  6
CONTINUOUS
 10
-3.215563
 20
2.227013
  0
VERTEX
  8
LAYER_1
 62
    39
  6
CONTINUOUS
 10
-3.219235
 20
2.221705
  0
VERTEX
  8
LAYER_1
 62
    39
  6
CONTINUOUS
 10
-3.222881
 20
2.216381
  0
VERTEX
  8
LAYER_1
 62
    39
  6
CONTINUOUS
 10
-3.226504
 20
2.211040
  0
VERTEX
  8
LAYER_1
 62
    39
  6
CONTINUOUS
 10
-3.230101
 20
2.205682
  0
VERTEX
  8
LAYER_1
 62
    39
  6
CONTINUOUS
 10
-3.233674
 20
2.200307
  0
VERTEX
  8
LAYER_1
 62
    39
  6
CONTINUOUS
 10
-3.237222
 20
2.194917
  0
VERTEX
  8
LAYER_1
 62
    39
  6
CONTINUOUS
 10
-3.240745
 20
2.189510
  0
VERTEX
  8
LAYER_1
 62
    39
  6
CONTINUOUS
 10
-3.244243
 20
2.184086
  0
VERTEX
  8
LAYER_1
 62
    39
  6
CONTINUOUS
 10
-3.247716
 20
2.178647
  0
VERTEX
  8
LAYER_1
 62
    39
  6
CONTINUOUS
 10
-3.251164
 20
2.173192
  0
VERTEX
  8
LAYER_1
 62
    39
  6
CONTINUOUS
 10
-3.254587
 20
2.167721
  0
VERTEX
  8
LAYER_1
 62
    39
  6
CONTINUOUS
 10
-3.257985
 20
2.162234
  0
VERTEX
  8
LAYER_1
 62
    39
  6
CONTINUOUS
 10
-3.261357
 20
2.156732
  0
VERTEX
  8
LAYER_1
 62
    39
  6
CONTINUOUS
 10
-3.264704
 20
2.151214
  0
VERTEX
  8
LAYER_1
 62
    39
  6
CONTINUOUS
 10
-3.268025
 20
2.145681
  0
VERTEX
  8
LAYER_1
 62
    39
  6
CONTINUOUS
 10
-3.271321
 20
2.140132
  0
VERTEX
  8
LAYER_1
 62
    39
  6
CONTINUOUS
 10
-3.274591
 20
2.134569
  0
VERTEX
  8
LAYER_1
 62
    39
  6
CONTINUOUS
 10
-3.277836
 20
2.128990
  0
VERTEX
  8
LAYER_1
 62
    39
  6
CONTINUOUS
 10
-3.281055
 20
2.123396
  0
VERTEX
  8
LAYER_1
 62
    39
  6
CONTINUOUS
 10
-3.284248
 20
2.117788
  0
VERTEX
  8
LAYER_1
 62
    39
  6
CONTINUOUS
 10
-3.287415
 20
2.112165
  0
VERTEX
  8
LAYER_1
 62
    39
  6
CONTINUOUS
 10
-3.290556
 20
2.106528
  0
VERTEX
  8
LAYER_1
 62
    39
  6
CONTINUOUS
 10
-3.293671
 20
2.100876
  0
VERTEX
  8
LAYER_1
 62
    39
  6
CONTINUOUS
 10
-3.296760
 20
2.095209
  0
VERTEX
  8
LAYER_1
 62
    39
  6
CONTINUOUS
 10
-3.299823
 20
2.089529
  0
VERTEX
  8
LAYER_1
 62
    39
  6
CONTINUOUS
 10
-3.302860
 20
2.083835
  0
VERTEX
  8
LAYER_1
 62
    39
  6
CONTINUOUS
 10
-3.305870
 20
2.078126
  0
VERTEX
  8
LAYER_1
 62
    39
  6
CONTINUOUS
 10
-3.308854
 20
2.072404
  0
VERTEX
  8
LAYER_1
 62
    39
  6
CONTINUOUS
 10
-3.311812
 20
2.066668
  0
VERTEX
  8
LAYER_1
 62
    39
  6
CONTINUOUS
 10
-3.314743
 20
2.060918
  0
VERTEX
  8
LAYER_1
 62
    39
  6
CONTINUOUS
 10
-3.317648
 20
2.055156
  0
VERTEX
  8
LAYER_1
 62
    39
  6
CONTINUOUS
 10
-3.320526
 20
2.049379
  0
VERTEX
  8
LAYER_1
 62
    39
  6
CONTINUOUS
 10
-3.323377
 20
2.043590
  0
VERTEX
  8
LAYER_1
 62
    39
  6
CONTINUOUS
 10
-3.326202
 20
2.037787
  0
VERTEX
  8
LAYER_1
 62
    39
  6
CONTINUOUS
 10
-3.328999
 20
2.031972
  0
VERTEX
  8
LAYER_1
 62
    39
  6
CONTINUOUS
 10
-3.331770
 20
2.026143
  0
VERTEX
  8
LAYER_1
 62
    39
  6
CONTINUOUS
 10
-3.334515
 20
2.020302
  0
VERTEX
  8
LAYER_1
 62
    39
  6
CONTINUOUS
 10
-3.337232
 20
2.014449
  0
VERTEX
  8
LAYER_1
 62
    39
  6
CONTINUOUS
 10
-3.339922
 20
2.008583
  0
VERTEX
  8
LAYER_1
 62
    39
  6
CONTINUOUS
 10
-3.342585
 20
2.002704
  0
VERTEX
  8
LAYER_1
 62
    39
  6
CONTINUOUS
 10
-3.345221
 20
1.996813
  0
VERTEX
  8
LAYER_1
 62
    39
  6
CONTINUOUS
 10
-3.347830
 20
1.990911
  0
VERTEX
  8
LAYER_1
 62
    39
  6
CONTINUOUS
 10
-3.350411
 20
1.984996
  0
VERTEX
  8
LAYER_1
 62
    39
  6
CONTINUOUS
 10
-3.352966
 20
1.979069
  0
VERTEX
  8
LAYER_1
 62
    39
  6
CONTINUOUS
 10
-3.355493
 20
1.973131
  0
VERTEX
  8
LAYER_1
 62
    39
  6
CONTINUOUS
 10
-3.357992
 20
1.967181
  0
VERTEX
  8
LAYER_1
 62
    39
  6
CONTINUOUS
 10
-3.360464
 20
1.961220
  0
VERTEX
  8
LAYER_1
 62
    39
  6
CONTINUOUS
 10
-3.362909
 20
1.955247
  0
VERTEX
  8
LAYER_1
 62
    39
  6
CONTINUOUS
 10
-3.365326
 20
1.949263
  0
VERTEX
  8
LAYER_1
 62
    39
  6
CONTINUOUS
 10
-3.367715
 20
1.943269
  0
VERTEX
  8
LAYER_1
 62
    39
  6
CONTINUOUS
 10
-3.370077
 20
1.937263
  0
VERTEX
  8
LAYER_1
 62
    39
  6
CONTINUOUS
 10
-3.372411
 20
1.931246
  0
VERTEX
  8
LAYER_1
 62
    39
  6
CONTINUOUS
 10
-3.374717
 20
1.925219
  0
VERTEX
  8
LAYER_1
 62
    39
  6
CONTINUOUS
 10
-3.376996
 20
1.919181
  0
VERTEX
  8
LAYER_1
 62
    39
  6
CONTINUOUS
 10
-3.379246
 20
1.913132
  0
VERTEX
  8
LAYER_1
 62
    39
  6
CONTINUOUS
 10
-3.381469
 20
1.907073
  0
VERTEX
  8
LAYER_1
 62
    39
  6
CONTINUOUS
 10
-3.383664
 20
1.901005
  0
VERTEX
  8
LAYER_1
 62
    39
  6
CONTINUOUS
 10
-3.385830
 20
1.894926
  0
VERTEX
  8
LAYER_1
 62
    39
  6
CONTINUOUS
 10
-3.387969
 20
1.888837
  0
VERTEX
  8
LAYER_1
 62
    39
  6
CONTINUOUS
 10
-3.390080
 20
1.882738
  0
VERTEX
  8
LAYER_1
 62
    39
  6
CONTINUOUS
 10
-3.392162
 20
1.876630
  0
VERTEX
  8
LAYER_1
 62
    39
  6
CONTINUOUS
 10
-3.394216
 20
1.870512
  0
VERTEX
  8
LAYER_1
 62
    39
  6
CONTINUOUS
 10
-3.396242
 20
1.864385
  0
VERTEX
  8
LAYER_1
 62
    39
  6
CONTINUOUS
 10
-3.398240
 20
1.858248
  0
VERTEX
  8
LAYER_1
 62
    39
  6
CONTINUOUS
 10
-3.400210
 20
1.852102
  0
VERTEX
  8
LAYER_1
 62
    39
  6
CONTINUOUS
 10
-3.402151
 20
1.845948
  0
VERTEX
  8
LAYER_1
 62
    39
  6
CONTINUOUS
 10
-3.404064
 20
1.839784
  0
VERTEX
  8
LAYER_1
 62
    39
  6
CONTINUOUS
 10
-3.405948
 20
1.833612
  0
VERTEX
  8
LAYER_1
 62
    39
  6
CONTINUOUS
 10
-3.407804
 20
1.827431
  0
VERTEX
  8
LAYER_1
 62
    39
  6
CONTINUOUS
 10
-3.409631
 20
1.821241
  0
VERTEX
  8
LAYER_1
 62
    39
  6
CONTINUOUS
 10
-3.411430
 20
1.815044
  0
VERTEX
  8
LAYER_1
 62
    39
  6
CONTINUOUS
 10
-3.413200
 20
1.808838
  0
VERTEX
  8
LAYER_1
 62
    39
  6
CONTINUOUS
 10
-3.414942
 20
1.802623
  0
VERTEX
  8
LAYER_1
 62
    39
  6
CONTINUOUS
 10
-3.416655
 20
1.796401
  0
VERTEX
  8
LAYER_1
 62
    39
  6
CONTINUOUS
 10
-3.418339
 20
1.790171
  0
VERTEX
  8
LAYER_1
 62
    39
  6
CONTINUOUS
 10
-3.419994
 20
1.783934
  0
VERTEX
  8
LAYER_1
 62
    39
  6
CONTINUOUS
 10
-3.421621
 20
1.777689
  0
VERTEX
  8
LAYER_1
 62
    39
  6
CONTINUOUS
 10
-3.423219
 20
1.771436
  0
VERTEX
  8
LAYER_1
 62
    39
  6
CONTINUOUS
 10
-3.424788
 20
1.765176
  0
VERTEX
  8
LAYER_1
 62
    39
  6
CONTINUOUS
 10
-3.426328
 20
1.758909
  0
VERTEX
  8
LAYER_1
 62
    39
  6
CONTINUOUS
 10
-3.427839
 20
1.752635
  0
VERTEX
  8
LAYER_1
 62
    39
  6
CONTINUOUS
 10
-3.429322
 20
1.746354
  0
VERTEX
  8
LAYER_1
 62
    39
  6
CONTINUOUS
 10
-3.430775
 20
1.740066
  0
VERTEX
  8
LAYER_1
 62
    39
  6
CONTINUOUS
 10
-3.432199
 20
1.733772
  0
VERTEX
  8
LAYER_1
 62
    39
  6
CONTINUOUS
 10
-3.433595
 20
1.727471
  0
VERTEX
  8
LAYER_1
 62
    39
  6
CONTINUOUS
 10
-3.434961
 20
1.721164
  0
VERTEX
  8
LAYER_1
 62
    39
  6
CONTINUOUS
 10
-3.436298
 20
1.714850
  0
VERTEX
  8
LAYER_1
 62
    39
  6
CONTINUOUS
 10
-3.437606
 20
1.708531
  0
VERTEX
  8
LAYER_1
 62
    39
  6
CONTINUOUS
 10
-3.438885
 20
1.702205
  0
VERTEX
  8
LAYER_1
 62
    39
  6
CONTINUOUS
 10
-3.440135
 20
1.695874
  0
VERTEX
  8
LAYER_1
 62
    39
  6
CONTINUOUS
 10
-3.441356
 20
1.689537
  0
VERTEX
  8
LAYER_1
 62
    39
  6
CONTINUOUS
 10
-3.442547
 20
1.683194
  0
VERTEX
  8
LAYER_1
 62
    39
  6
CONTINUOUS
 10
-3.443709
 20
1.676846
  0
VERTEX
  8
LAYER_1
 62
    39
  6
CONTINUOUS
 10
-3.444842
 20
1.670492
  0
VERTEX
  8
LAYER_1
 62
    39
  6
CONTINUOUS
 10
-3.445945
 20
1.664134
  0
VERTEX
  8
LAYER_1
 62
    39
  6
CONTINUOUS
 10
-3.447019
 20
1.657770
  0
VERTEX
  8
LAYER_1
 62
    39
  6
CONTINUOUS
 10
-3.448064
 20
1.651402
  0
VERTEX
  8
LAYER_1
 62
    39
  6
CONTINUOUS
 10
-3.449080
 20
1.645029
  0
VERTEX
  8
LAYER_1
 62
    39
  6
CONTINUOUS
 10
-3.450066
 20
1.638651
  0
VERTEX
  8
LAYER_1
 62
    39
  6
CONTINUOUS
 10
-3.451022
 20
1.632269
  0
VERTEX
  8
LAYER_1
 62
    39
  6
CONTINUOUS
 10
-3.451950
 20
1.625882
  0
VERTEX
  8
LAYER_1
 62
    39
  6
CONTINUOUS
 10
-3.452848
 20
1.619491
  0
VERTEX
  8
LAYER_1
 62
    39
  6
CONTINUOUS
 10
-3.453716
 20
1.613097
  0
VERTEX
  8
LAYER_1
 62
    39
  6
CONTINUOUS
 10
-3.454555
 20
1.606698
  0
VERTEX
  8
LAYER_1
 62
    39
  6
CONTINUOUS
 10
-3.455364
 20
1.600295
  0
VERTEX
  8
LAYER_1
 62
    39
  6
CONTINUOUS
 10
-3.456144
 20
1.593889
  0
VERTEX
  8
LAYER_1
 62
    39
  6
CONTINUOUS
 10
-3.456894
 20
1.587479
  0
VERTEX
  8
LAYER_1
 62
    39
  6
CONTINUOUS
 10
-3.457615
 20
1.581066
  0
VERTEX
  8
LAYER_1
 62
    39
  6
CONTINUOUS
 10
-3.458306
 20
1.574649
  0
VERTEX
  8
LAYER_1
 62
    39
  6
CONTINUOUS
 10
-3.458968
 20
1.568230
  0
VERTEX
  8
LAYER_1
 62
    39
  6
CONTINUOUS
 10
-3.459599
 20
1.561807
  0
VERTEX
  8
LAYER_1
 62
    39
  6
CONTINUOUS
 10
-3.460202
 20
1.555382
  0
VERTEX
  8
LAYER_1
 62
    39
  6
CONTINUOUS
 10
-3.460775
 20
1.548954
  0
VERTEX
  8
LAYER_1
 62
    39
  6
CONTINUOUS
 10
-3.461318
 20
1.542523
  0
VERTEX
  8
LAYER_1
 62
    39
  6
CONTINUOUS
 10
-3.461831
 20
1.536090
  0
VERTEX
  8
LAYER_1
 62
    39
  6
CONTINUOUS
 10
-3.462315
 20
1.529655
  0
VERTEX
  8
LAYER_1
 62
    39
  6
CONTINUOUS
 10
-3.462769
 20
1.523217
  0
VERTEX
  8
LAYER_1
 62
    39
  6
CONTINUOUS
 10
-3.463193
 20
1.516778
  0
VERTEX
  8
LAYER_1
 62
    39
  6
CONTINUOUS
 10
-3.463588
 20
1.510336
  0
VERTEX
  8
LAYER_1
 62
    39
  6
CONTINUOUS
 10
-3.463953
 20
1.503893
  0
VERTEX
  8
LAYER_1
 62
    39
  6
CONTINUOUS
 10
-3.464288
 20
1.497448
  0
VERTEX
  8
LAYER_1
 62
    39
  6
CONTINUOUS
 10
-3.464594
 20
1.491002
  0
VERTEX
  8
LAYER_1
 62
    39
  6
CONTINUOUS
 10
-3.464870
 20
1.484554
  0
VERTEX
  8
LAYER_1
 62
    39
  6
CONTINUOUS
 10
-3.465116
 20
1.478105
  0
VERTEX
  8
LAYER_1
 62
    39
  6
CONTINUOUS
 10
-3.465333
 20
1.471655
  0
VERTEX
  8
LAYER_1
 62
    39
  6
CONTINUOUS
 10
-3.465519
 20
1.465205
  0
VERTEX
  8
LAYER_1
 62
    39
  6
CONTINUOUS
 10
-3.465676
 20
1.458753
  0
VERTEX
  8
LAYER_1
 62
    39
  6
CONTINUOUS
 10
-3.465804
 20
1.452301
  0
VERTEX
  8
LAYER_1
 62
    39
  6
CONTINUOUS
 10
-3.465901
 20
1.445848
  0
VERTEX
  8
LAYER_1
 62
    39
  6
CONTINUOUS
 10
-3.465969
 20
1.439395
  0
VERTEX
  8
LAYER_1
 62
    39
  6
CONTINUOUS
 10
-3.466007
 20
1.432941
  0
VERTEX
  8
LAYER_1
 62
    39
  6
CONTINUOUS
 10
-3.466015
 20
1.426488
  0
VERTEX
  8
LAYER_1
 62
    39
  6
CONTINUOUS
 10
-3.465994
 20
1.420034
  0
VERTEX
  8
LAYER_1
 62
    39
  6
CONTINUOUS
 10
-3.465942
 20
1.413581
  0
VERTEX
  8
LAYER_1
 62
    39
  6
CONTINUOUS
 10
-3.465861
 20
1.407128
  0
VERTEX
  8
LAYER_1
 62
    39
  6
CONTINUOUS
 10
-3.465751
 20
1.400675
  0
VERTEX
  8
LAYER_1
 62
    39
  6
CONTINUOUS
 10
-3.465610
 20
1.394223
  0
VERTEX
  8
LAYER_1
 62
    39
  6
CONTINUOUS
 10
-3.465440
 20
1.387772
  0
VERTEX
  8
LAYER_1
 62
    39
  6
CONTINUOUS
 10
-3.465240
 20
1.381321
  0
VERTEX
  8
LAYER_1
 62
    39
  6
CONTINUOUS
 10
-3.465010
 20
1.374872
  0
VERTEX
  8
LAYER_1
 62
    39
  6
CONTINUOUS
 10
-3.464751
 20
1.368423
  0
VERTEX
  8
LAYER_1
 62
    39
  6
CONTINUOUS
 10
-3.464462
 20
1.361976
  0
VERTEX
  8
LAYER_1
 62
    39
  6
CONTINUOUS
 10
-3.464143
 20
1.355531
  0
VERTEX
  8
LAYER_1
 62
    39
  6
CONTINUOUS
 10
-3.463794
 20
1.349087
  0
VERTEX
  8
LAYER_1
 62
    39
  6
CONTINUOUS
 10
-3.463416
 20
1.342644
  0
VERTEX
  8
LAYER_1
 62
    39
  6
CONTINUOUS
 10
-3.463008
 20
1.336203
  0
VERTEX
  8
LAYER_1
 62
    39
  6
CONTINUOUS
 10
-3.462570
 20
1.329765
  0
VERTEX
  8
LAYER_1
 62
    39
  6
CONTINUOUS
 10
-3.462103
 20
1.323328
  0
VERTEX
  8
LAYER_1
 62
    39
  6
CONTINUOUS
 10
-3.461606
 20
1.316894
  0
VERTEX
  8
LAYER_1
 62
    39
  6
CONTINUOUS
 10
-3.461079
 20
1.310462
  0
VERTEX
  8
LAYER_1
 62
    39
  6
CONTINUOUS
 10
-3.460523
 20
1.304032
  0
VERTEX
  8
LAYER_1
 62
    39
  6
CONTINUOUS
 10
-3.459937
 20
1.297605
  0
VERTEX
  8
LAYER_1
 62
    39
  6
CONTINUOUS
 10
-3.459322
 20
1.291181
  0
VERTEX
  8
LAYER_1
 62
    39
  6
CONTINUOUS
 10
-3.458676
 20
1.284760
  0
VERTEX
  8
LAYER_1
 62
    39
  6
CONTINUOUS
 10
-3.458002
 20
1.278342
  0
VERTEX
  8
LAYER_1
 62
    39
  6
CONTINUOUS
 10
-3.457297
 20
1.271927
  0
VERTEX
  8
LAYER_1
 62
    39
  6
CONTINUOUS
 10
-3.456563
 20
1.265515
  0
VERTEX
  8
LAYER_1
 62
    39
  6
CONTINUOUS
 10
-3.455800
 20
1.259107
  0
VERTEX
  8
LAYER_1
 62
    39
  6
CONTINUOUS
 10
-3.455007
 20
1.252702
  0
VERTEX
  8
LAYER_1
 62
    39
  6
CONTINUOUS
 10
-3.454185
 20
1.246301
  0
VERTEX
  8
LAYER_1
 62
    39
  6
CONTINUOUS
 10
-3.453333
 20
1.239904
  0
VERTEX
  8
LAYER_1
 62
    39
  6
CONTINUOUS
 10
-3.452451
 20
1.233511
  0
VERTEX
  8
LAYER_1
 62
    39
  6
CONTINUOUS
 10
-3.451540
 20
1.227122
  0
VERTEX
  8
LAYER_1
 62
    39
  6
CONTINUOUS
 10
-3.450600
 20
1.220738
  0
VERTEX
  8
LAYER_1
 62
    39
  6
CONTINUOUS
 10
-3.449630
 20
1.214357
  0
VERTEX
  8
LAYER_1
 62
    39
  6
CONTINUOUS
 10
-3.448631
 20
1.207982
  0
VERTEX
  8
LAYER_1
 62
    39
  6
CONTINUOUS
 10
-3.447602
 20
1.201610
  0
VERTEX
  8
LAYER_1
 62
    39
  6
CONTINUOUS
 10
-3.446544
 20
1.195244
  0
VERTEX
  8
LAYER_1
 62
    39
  6
CONTINUOUS
 10
-3.445457
 20
1.188883
  0
VERTEX
  8
LAYER_1
 62
    39
  6
CONTINUOUS
 10
-3.444341
 20
1.182527
  0
VERTEX
  8
LAYER_1
 62
    39
  6
CONTINUOUS
 10
-3.443195
 20
1.176176
  0
VERTEX
  8
LAYER_1
 62
    39
  6
CONTINUOUS
 10
-3.442020
 20
1.169830
  0
VERTEX
  8
LAYER_1
 62
    39
  6
CONTINUOUS
 10
-3.440815
 20
1.163490
  0
VERTEX
  8
LAYER_1
 62
    39
  6
CONTINUOUS
 10
-3.439582
 20
1.157155
  0
VERTEX
  8
LAYER_1
 62
    39
  6
CONTINUOUS
 10
-3.438319
 20
1.150826
  0
VERTEX
  8
LAYER_1
 62
    39
  6
CONTINUOUS
 10
-3.437027
 20
1.144504
  0
VERTEX
  8
LAYER_1
 62
    39
  6
CONTINUOUS
 10
-3.435706
 20
1.138187
  0
VERTEX
  8
LAYER_1
 62
    39
  6
CONTINUOUS
 10
-3.434356
 20
1.131876
  0
VERTEX
  8
LAYER_1
 62
    39
  6
CONTINUOUS
 10
-3.432977
 20
1.125571
  0
VERTEX
  8
LAYER_1
 62
    39
  6
CONTINUOUS
 10
-3.431568
 20
1.119273
  0
VERTEX
  8
LAYER_1
 62
    39
  6
CONTINUOUS
 10
-3.430131
 20
1.112982
  0
VERTEX
  8
LAYER_1
 62
    39
  6
CONTINUOUS
 10
-3.428665
 20
1.106697
  0
VERTEX
  8
LAYER_1
 62
    39
  6
CONTINUOUS
 10
-3.427170
 20
1.100419
  0
VERTEX
  8
LAYER_1
 62
    39
  6
CONTINUOUS
 10
-3.425645
 20
1.094148
  0
VERTEX
  8
LAYER_1
 62
    39
  6
CONTINUOUS
 10
-3.424092
 20
1.087884
  0
VERTEX
  8
LAYER_1
 62
    39
  6
CONTINUOUS
 10
-3.422511
 20
1.081628
  0
VERTEX
  8
LAYER_1
 62
    39
  6
CONTINUOUS
 10
-3.420900
 20
1.075378
  0
VERTEX
  8
LAYER_1
 62
    39
  6
CONTINUOUS
 10
-3.419260
 20
1.069137
  0
VERTEX
  8
LAYER_1
 62
    39
  6
CONTINUOUS
 10
-3.417592
 20
1.062902
  0
VERTEX
  8
LAYER_1
 62
    39
  6
CONTINUOUS
 10
-3.415895
 20
1.056676
  0
VERTEX
  8
LAYER_1
 62
    39
  6
CONTINUOUS
 10
-3.414169
 20
1.050457
  0
VERTEX
  8
LAYER_1
 62
    39
  6
CONTINUOUS
 10
-3.412415
 20
1.044247
  0
VERTEX
  8
LAYER_1
 62
    39
  6
CONTINUOUS
 10
-3.410632
 20
1.038044
  0
VERTEX
  8
LAYER_1
 62
    39
  6
CONTINUOUS
 10
-3.408821
 20
1.031850
  0
VERTEX
  8
LAYER_1
 62
    39
  6
CONTINUOUS
 10
-3.406981
 20
1.025665
  0
VERTEX
  8
LAYER_1
 62
    39
  6
CONTINUOUS
 10
-3.405112
 20
1.019488
  0
VERTEX
  8
LAYER_1
 62
    39
  6
CONTINUOUS
 10
-3.403215
 20
1.013319
  0
VERTEX
  8
LAYER_1
 62
    39
  6
CONTINUOUS
 10
-3.401290
 20
1.007159
  0
VERTEX
  8
LAYER_1
 62
    39
  6
CONTINUOUS
 10
-3.399336
 20
1.001009
  0
VERTEX
  8
LAYER_1
 62
    39
  6
CONTINUOUS
 10
-3.397354
 20
0.994867
  0
VERTEX
  8
LAYER_1
 62
    39
  6
CONTINUOUS
 10
-3.395343
 20
0.988735
  0
VERTEX
  8
LAYER_1
 62
    39
  6
CONTINUOUS
 10
-3.393305
 20
0.982612
  0
VERTEX
  8
LAYER_1
 62
    39
  6
CONTINUOUS
 10
-3.391238
 20
0.976498
  0
VERTEX
  8
LAYER_1
 62
    39
  6
CONTINUOUS
 10
-3.389143
 20
0.970394
  0
VERTEX
  8
LAYER_1
 62
    39
  6
CONTINUOUS
 10
-3.387020
 20
0.964300
  0
VERTEX
  8
LAYER_1
 62
    39
  6
CONTINUOUS
 10
-3.384868
 20
0.958215
  0
VERTEX
  8
LAYER_1
 62
    39
  6
CONTINUOUS
 10
-3.382689
 20
0.952141
  0
VERTEX
  8
LAYER_1
 62
    39
  6
CONTINUOUS
 10
-3.380482
 20
0.946076
  0
VERTEX
  8
LAYER_1
 62
    39
  6
CONTINUOUS
 10
-3.378247
 20
0.940022
  0
VERTEX
  8
LAYER_1
 62
    39
  6
CONTINUOUS
 10
-3.375984
 20
0.933978
  0
VERTEX
  8
LAYER_1
 62
    39
  6
CONTINUOUS
 10
-3.373693
 20
0.927945
  0
VERTEX
  8
LAYER_1
 62
    39
  6
CONTINUOUS
 10
-3.371374
 20
0.921923
  0
VERTEX
  8
LAYER_1
 62
    39
  6
CONTINUOUS
 10
-3.369028
 20
0.915911
  0
VERTEX
  8
LAYER_1
 62
    39
  6
CONTINUOUS
 10
-3.366654
 20
0.909910
  0
VERTEX
  8
LAYER_1
 62
    39
  6
CONTINUOUS
 10
-3.364252
 20
0.903920
  0
VERTEX
  8
LAYER_1
 62
    39
  6
CONTINUOUS
 10
-3.361823
 20
0.897941
  0
VERTEX
  8
LAYER_1
 62
    39
  6
CONTINUOUS
 10
-3.359366
 20
0.891973
  0
VERTEX
  8
LAYER_1
 62
    39
  6
CONTINUOUS
 10
-3.356882
 20
0.886017
  0
VERTEX
  8
LAYER_1
 62
    39
  6
CONTINUOUS
 10
-3.354370
 20
0.880072
  0
VERTEX
  8
LAYER_1
 62
    39
  6
CONTINUOUS
 10
-3.351831
 20
0.874139
  0
VERTEX
  8
LAYER_1
 62
    39
  6
CONTINUOUS
 10
-3.349265
 20
0.868218
  0
VERTEX
  8
LAYER_1
 62
    39
  6
CONTINUOUS
 10
-3.346671
 20
0.862308
  0
VERTEX
  8
LAYER_1
 62
    39
  6
CONTINUOUS
 10
-3.344050
 20
0.856411
  0
VERTEX
  8
LAYER_1
 62
    39
  6
CONTINUOUS
 10
-3.341402
 20
0.850526
  0
VERTEX
  8
LAYER_1
 62
    39
  6
CONTINUOUS
 10
-3.338727
 20
0.844653
  0
VERTEX
  8
LAYER_1
 62
    39
  6
CONTINUOUS
 10
-3.336025
 20
0.838792
  0
VERTEX
  8
LAYER_1
 62
    39
  6
CONTINUOUS
 10
-3.333295
 20
0.832944
  0
VERTEX
  8
LAYER_1
 62
    39
  6
CONTINUOUS
 10
-3.330539
 20
0.827109
  0
VERTEX
  8
LAYER_1
 62
    39
  6
CONTINUOUS
 10
-3.327756
 20
0.821286
  0
VERTEX
  8
LAYER_1
 62
    39
  6
CONTINUOUS
 10
-3.324946
 20
0.815476
  0
VERTEX
  8
LAYER_1
 62
    39
  6
CONTINUOUS
 10
-3.322110
 20
0.809680
  0
VERTEX
  8
LAYER_1
 62
    39
  6
CONTINUOUS
 10
-3.319247
 20
0.803896
  0
VERTEX
  8
LAYER_1
 62
    39
  6
CONTINUOUS
 10
-3.316357
 20
0.798126
  0
VERTEX
  8
LAYER_1
 62
    39
  6
CONTINUOUS
 10
-3.313440
 20
0.792369
  0
VERTEX
  8
LAYER_1
 62
    39
  6
CONTINUOUS
 10
-3.310497
 20
0.786625
  0
VERTEX
  8
LAYER_1
 62
    39
  6
CONTINUOUS
 10
-3.307528
 20
0.780895
  0
VERTEX
  8
LAYER_1
 62
    39
  6
CONTINUOUS
 10
-3.304532
 20
0.775179
  0
VERTEX
  8
LAYER_1
 62
    39
  6
CONTINUOUS
 10
-3.301510
 20
0.769477
  0
VERTEX
  8
LAYER_1
 62
    39
  6
CONTINUOUS
 10
-3.298462
 20
0.763789
  0
VERTEX
  8
LAYER_1
 62
    39
  6
CONTINUOUS
 10
-3.295387
 20
0.758115
  0
VERTEX
  8
LAYER_1
 62
    39
  6
CONTINUOUS
 10
-3.292286
 20
0.752455
  0
VERTEX
  8
LAYER_1
 62
    39
  6
CONTINUOUS
 10
-3.289160
 20
0.746809
  0
VERTEX
  8
LAYER_1
 62
    39
  6
CONTINUOUS
 10
-3.286007
 20
0.741178
  0
VERTEX
  8
LAYER_1
 62
    39
  6
CONTINUOUS
 10
-3.282828
 20
0.735562
  0
VERTEX
  8
LAYER_1
 62
    39
  6
CONTINUOUS
 10
-3.279624
 20
0.729960
  0
VERTEX
  8
LAYER_1
 62
    39
  6
CONTINUOUS
 10
-3.276394
 20
0.724373
  0
VERTEX
  8
LAYER_1
 62
    39
  6
CONTINUOUS
 10
-3.273138
 20
0.718801
  0
VERTEX
  8
LAYER_1
 62
    39
  6
CONTINUOUS
 10
-3.269856
 20
0.713244
  0
VERTEX
  8
LAYER_1
 62
    39
  6
CONTINUOUS
 10
-3.266549
 20
0.707703
  0
VERTEX
  8
LAYER_1
 62
    39
  6
CONTINUOUS
 10
-3.263216
 20
0.702176
  0
VERTEX
  8
LAYER_1
 62
    39
  6
CONTINUOUS
 10
-3.259858
 20
0.696665
  0
VERTEX
  8
LAYER_1
 62
    39
  6
CONTINUOUS
 10
-3.256474
 20
0.691170
  0
VERTEX
  8
LAYER_1
 62
    39
  6
CONTINUOUS
 10
-3.253065
 20
0.685690
  0
VERTEX
  8
LAYER_1
 62
    39
  6
CONTINUOUS
 10
-3.249631
 20
0.680226
  0
VERTEX
  8
LAYER_1
 62
    39
  6
CONTINUOUS
 10
-3.246172
 20
0.674778
  0
VERTEX
  8
LAYER_1
 62
    39
  6
CONTINUOUS
 10
-3.242688
 20
0.669346
  0
VERTEX
  8
LAYER_1
 62
    39
  6
CONTINUOUS
 10
-3.239179
 20
0.663930
  0
VERTEX
  8
LAYER_1
 62
    39
  6
CONTINUOUS
 10
-3.235644
 20
0.658530
  0
VERTEX
  8
LAYER_1
 62
    39
  6
CONTINUOUS
 10
-3.232085
 20
0.653146
  0
VERTEX
  8
LAYER_1
 62
    39
  6
CONTINUOUS
 10
-3.228501
 20
0.647780
  0
VERTEX
  8
LAYER_1
 62
    39
  6
CONTINUOUS
 10
-3.224893
 20
0.642429
  0
VERTEX
  8
LAYER_1
 62
    39
  6
CONTINUOUS
 10
-3.221260
 20
0.637095
  0
VERTEX
  8
LAYER_1
 62
    39
  6
CONTINUOUS
 10
-3.217602
 20
0.631779
  0
VERTEX
  8
LAYER_1
 62
    39
  6
CONTINUOUS
 10
-3.213920
 20
0.626479
  0
VERTEX
  8
LAYER_1
 62
    39
  6
CONTINUOUS
 10
-3.210213
 20
0.621196
  0
VERTEX
  8
LAYER_1
 62
    39
  6
CONTINUOUS
 10
-3.206482
 20
0.615930
  0
VERTEX
  8
LAYER_1
 62
    39
  6
CONTINUOUS
 10
-3.202727
 20
0.610681
  0
VERTEX
  8
LAYER_1
 62
    39
  6
CONTINUOUS
 10
-3.198948
 20
0.605450
  0
VERTEX
  8
LAYER_1
 62
    39
  6
CONTINUOUS
 10
-3.195144
 20
0.600236
  0
VERTEX
  8
LAYER_1
 62
    39
  6
CONTINUOUS
 10
-3.191317
 20
0.595040
  0
VERTEX
  8
LAYER_1
 62
    39
  6
CONTINUOUS
 10
-3.187466
 20
0.589862
  0
VERTEX
  8
LAYER_1
 62
    39
  6
CONTINUOUS
 10
-3.183591
 20
0.584701
  0
VERTEX
  8
LAYER_1
 62
    39
  6
CONTINUOUS
 10
-3.179692
 20
0.579559
  0
VERTEX
  8
LAYER_1
 62
    39
  6
CONTINUOUS
 10
-3.175769
 20
0.574434
  0
VERTEX
  8
LAYER_1
 62
    39
  6
CONTINUOUS
 10
-3.171823
 20
0.569327
  0
VERTEX
  8
LAYER_1
 62
    39
  6
CONTINUOUS
 10
-3.167853
 20
0.564239
  0
VERTEX
  8
LAYER_1
 62
    39
  6
CONTINUOUS
 10
-3.163860
 20
0.559169
  0
VERTEX
  8
LAYER_1
 62
    39
  6
CONTINUOUS
 10
-3.159844
 20
0.554118
  0
VERTEX
  8
LAYER_1
 62
    39
  6
CONTINUOUS
 10
-3.155805
 20
0.549085
  0
VERTEX
  8
LAYER_1
 62
    39
  6
CONTINUOUS
 10
-3.151742
 20
0.544071
  0
VERTEX
  8
LAYER_1
 62
    39
  6
CONTINUOUS
 10
-3.147656
 20
0.539075
  0
VERTEX
  8
LAYER_1
 62
    39
  6
CONTINUOUS
 10
-3.143547
 20
0.534099
  0
VERTEX
  8
LAYER_1
 62
    39
  6
CONTINUOUS
 10
-3.139415
 20
0.529141
  0
VERTEX
  8
LAYER_1
 62
    39
  6
CONTINUOUS
 10
-3.135261
 20
0.524203
  0
VERTEX
  8
LAYER_1
 62
    39
  6
CONTINUOUS
 10
-3.131084
 20
0.519283
  0
VERTEX
  8
LAYER_1
 62
    39
  6
CONTINUOUS
 10
-3.126884
 20
0.514383
  0
VERTEX
  8
LAYER_1
 62
    39
  6
CONTINUOUS
 10
-3.122662
 20
0.509503
  0
VERTEX
  8
LAYER_1
 62
    39
  6
CONTINUOUS
 10
-3.118417
 20
0.504642
  0
VERTEX
  8
LAYER_1
 62
    39
  6
CONTINUOUS
 10
-3.114149
 20
0.499800
  0
VERTEX
  8
LAYER_1
 62
    39
  6
CONTINUOUS
 10
-3.109860
 20
0.494979
  0
VERTEX
  8
LAYER_1
 62
    39
  6
CONTINUOUS
 10
-3.105548
 20
0.490177
  0
VERTEX
  8
LAYER_1
 62
    39
  6
CONTINUOUS
 10
-3.101215
 20
0.485395
  0
VERTEX
  8
LAYER_1
 62
    39
  6
CONTINUOUS
 10
-3.096859
 20
0.480633
  0
VERTEX
  8
LAYER_1
 62
    39
  6
CONTINUOUS
 10
-3.092481
 20
0.475891
  0
VERTEX
  8
LAYER_1
 62
    39
  6
CONTINUOUS
 10
-3.088082
 20
0.471170
  0
VERTEX
  8
LAYER_1
 62
    39
  6
CONTINUOUS
 10
-3.083661
 20
0.466468
  0
VERTEX
  8
LAYER_1
 62
    39
  6
CONTINUOUS
 10
-3.079218
 20
0.461788
  0
VERTEX
  8
LAYER_1
 62
    39
  6
CONTINUOUS
 10
-3.074753
 20
0.457127
  0
VERTEX
  8
LAYER_1
 62
    39
  6
CONTINUOUS
 10
-3.070268
 20
0.452488
  0
VERTEX
  8
LAYER_1
 62
    39
  6
CONTINUOUS
 10
-3.065760
 20
0.447869
  0
VERTEX
  8
LAYER_1
 62
    39
  6
CONTINUOUS
 10
-3.061232
 20
0.443271
  0
VERTEX
  8
LAYER_1
 62
    39
  6
CONTINUOUS
 10
-3.056683
 20
0.438694
  0
VERTEX
  8
LAYER_1
 62
    39
  6
CONTINUOUS
 10
-3.052112
 20
0.434137
  0
VERTEX
  8
LAYER_1
 62
    39
  6
CONTINUOUS
 10
-3.047521
 20
0.429602
  0
VERTEX
  8
LAYER_1
 62
    39
  6
CONTINUOUS
 10
-3.042908
 20
0.425089
  0
VERTEX
  8
LAYER_1
 62
    39
  6
CONTINUOUS
 10
-3.038275
 20
0.420596
  0
VERTEX
  8
LAYER_1
 62
    39
  6
CONTINUOUS
 10
-3.033621
 20
0.416125
  0
VERTEX
  8
LAYER_1
 62
    39
  6
CONTINUOUS
 10
-3.028947
 20
0.411675
  0
VERTEX
  8
LAYER_1
 62
    39
  6
CONTINUOUS
 10
-3.024252
 20
0.407247
  0
VERTEX
  8
LAYER_1
 62
    39
  6
CONTINUOUS
 10
-3.019537
 20
0.402841
  0
VERTEX
  8
LAYER_1
 62
    39
  6
CONTINUOUS
 10
-3.014802
 20
0.398457
  0
VERTEX
  8
LAYER_1
 62
    39
  6
CONTINUOUS
 10
-3.010046
 20
0.394094
  0
VERTEX
  8
LAYER_1
 62
    39
  6
CONTINUOUS
 10
-3.005270
 20
0.389753
  0
VERTEX
  8
LAYER_1
 62
    39
  6
CONTINUOUS
 10
-3.000475
 20
0.385435
  0
VERTEX
  8
LAYER_1
 62
    39
  6
CONTINUOUS
 10
-2.995659
 20
0.381138
  0
VERTEX
  8
LAYER_1
 62
    39
  6
CONTINUOUS
 10
-2.990824
 20
0.376864
  0
VERTEX
  8
LAYER_1
 62
    39
  6
CONTINUOUS
 10
-2.985969
 20
0.372612
  0
VERTEX
  8
LAYER_1
 62
    39
  6
CONTINUOUS
 10
-2.981095
 20
0.368383
  0
VERTEX
  8
LAYER_1
 62
    39
  6
CONTINUOUS
 10
-2.976201
 20
0.364176
  0
VERTEX
  8
LAYER_1
 62
    39
  6
CONTINUOUS
 10
-2.971288
 20
0.359991
  0
VERTEX
  8
LAYER_1
 62
    39
  6
CONTINUOUS
 10
-2.966355
 20
0.355830
  0
VERTEX
  8
LAYER_1
 62
    39
  6
CONTINUOUS
 10
-2.961404
 20
0.351691
  0
VERTEX
  8
LAYER_1
 62
    39
  6
CONTINUOUS
 10
-2.956433
 20
0.347575
  0
VERTEX
  8
LAYER_1
 62
    39
  6
CONTINUOUS
 10
-2.951444
 20
0.343482
  0
VERTEX
  8
LAYER_1
 62
    39
  6
CONTINUOUS
 10
-2.946435
 20
0.339412
  0
VERTEX
  8
LAYER_1
 62
    39
  6
CONTINUOUS
 10
-2.941408
 20
0.335365
  0
VERTEX
  8
LAYER_1
 62
    39
  6
CONTINUOUS
 10
-2.936363
 20
0.331341
  0
VERTEX
  8
LAYER_1
 62
    39
  6
CONTINUOUS
 10
-2.931298
 20
0.327341
  0
VERTEX
  8
LAYER_1
 62
    39
  6
CONTINUOUS
 10
-2.926216
 20
0.323364
  0
VERTEX
  8
LAYER_1
 62
    39
  6
CONTINUOUS
 10
-2.921115
 20
0.319410
  0
VERTEX
  8
LAYER_1
 62
    39
  6
CONTINUOUS
 10
-2.915996
 20
0.315480
  0
VERTEX
  8
LAYER_1
 62
    39
  6
CONTINUOUS
 10
-2.910859
 20
0.311574
  0
VERTEX
  8
LAYER_1
 62
    39
  6
CONTINUOUS
 10
-2.905704
 20
0.307692
  0
VERTEX
  8
LAYER_1
 62
    39
  6
CONTINUOUS
 10
-2.900531
 20
0.303833
  0
VERTEX
  8
LAYER_1
 62
    39
  6
CONTINUOUS
 10
-2.895341
 20
0.299998
  0
VERTEX
  8
LAYER_1
 62
    39
  6
CONTINUOUS
 10
-2.890133
 20
0.296187
  0
VERTEX
  8
LAYER_1
 62
    39
  6
CONTINUOUS
 10
-2.884907
 20
0.292400
  0
VERTEX
  8
LAYER_1
 62
    39
  6
CONTINUOUS
 10
-2.879664
 20
0.288637
  0
VERTEX
  8
LAYER_1
 62
    39
  6
CONTINUOUS
 10
-2.874403
 20
0.284899
  0
VERTEX
  8
LAYER_1
 62
    39
  6
CONTINUOUS
 10
-2.869126
 20
0.281184
  0
VERTEX
  8
LAYER_1
 62
    39
  6
CONTINUOUS
 10
-2.863831
 20
0.277495
  0
VERTEX
  8
LAYER_1
 62
    39
  6
CONTINUOUS
 10
-2.858520
 20
0.273829
  0
VERTEX
  8
LAYER_1
 62
    39
  6
CONTINUOUS
 10
-2.853191
 20
0.270188
  0
VERTEX
  8
LAYER_1
 62
    39
  6
CONTINUOUS
 10
-2.847846
 20
0.266572
  0
VERTEX
  8
LAYER_1
 62
    39
  6
CONTINUOUS
 10
-2.842484
 20
0.262980
  0
VERTEX
  8
LAYER_1
 62
    39
  6
CONTINUOUS
 10
-2.837106
 20
0.259413
  0
VERTEX
  8
LAYER_1
 62
    39
  6
CONTINUOUS
 10
-2.831711
 20
0.255871
  0
VERTEX
  8
LAYER_1
 62
    39
  6
CONTINUOUS
 10
-2.826300
 20
0.252354
  0
VERTEX
  8
LAYER_1
 62
    39
  6
CONTINUOUS
 10
-2.820873
 20
0.248862
  0
VERTEX
  8
LAYER_1
 62
    39
  6
CONTINUOUS
 10
-2.815430
 20
0.245395
  0
VERTEX
  8
LAYER_1
 62
    39
  6
CONTINUOUS
 10
-2.809971
 20
0.241953
  0
VERTEX
  8
LAYER_1
 62
    39
  6
CONTINUOUS
 10
-2.804496
 20
0.238536
  0
VERTEX
  8
LAYER_1
 62
    39
  6
CONTINUOUS
 10
-2.799006
 20
0.235145
  0
VERTEX
  8
LAYER_1
 62
    39
  6
CONTINUOUS
 10
-2.793500
 20
0.231778
  0
VERTEX
  8
LAYER_1
 62
    39
  6
CONTINUOUS
 10
-2.787978
 20
0.228438
  0
VERTEX
  8
LAYER_1
 62
    39
  6
CONTINUOUS
 10
-2.782441
 20
0.225122
  0
VERTEX
  8
LAYER_1
 62
    39
  6
CONTINUOUS
 10
-2.776889
 20
0.221833
  0
VERTEX
  8
LAYER_1
 62
    39
  6
CONTINUOUS
 10
-2.771322
 20
0.218569
  0
VERTEX
  8
LAYER_1
 62
    39
  6
CONTINUOUS
 10
-2.765740
 20
0.215330
  0
VERTEX
  8
LAYER_1
 62
    39
  6
CONTINUOUS
 10
-2.760143
 20
0.212118
  0
VERTEX
  8
LAYER_1
 62
    39
  6
CONTINUOUS
 10
-2.754531
 20
0.208931
  0
VERTEX
  8
LAYER_1
 62
    39
  6
CONTINUOUS
 10
-2.748904
 20
0.205770
  0
VERTEX
  8
LAYER_1
 62
    39
  6
CONTINUOUS
 10
-2.743263
 20
0.202635
  0
VERTEX
  8
LAYER_1
 62
    39
  6
CONTINUOUS
 10
-2.737608
 20
0.199526
  0
VERTEX
  8
LAYER_1
 62
    39
  6
CONTINUOUS
 10
-2.731938
 20
0.196443
  0
VERTEX
  8
LAYER_1
 62
    39
  6
CONTINUOUS
 10
-2.726254
 20
0.193387
  0
VERTEX
  8
LAYER_1
 62
    39
  6
CONTINUOUS
 10
-2.720557
 20
0.190356
  0
VERTEX
  8
LAYER_1
 62
    39
  6
CONTINUOUS
 10
-2.714845
 20
0.187352
  0
VERTEX
  8
LAYER_1
 62
    39
  6
CONTINUOUS
 10
-2.709119
 20
0.184375
  0
VERTEX
  8
LAYER_1
 62
    39
  6
CONTINUOUS
 10
-2.703380
 20
0.181423
  0
VERTEX
  8
LAYER_1
 62
    39
  6
CONTINUOUS
 10
-2.697627
 20
0.178499
  0
VERTEX
  8
LAYER_1
 62
    39
  6
CONTINUOUS
 10
-2.691861
 20
0.175600
  0
VERTEX
  8
LAYER_1
 62
    39
  6
CONTINUOUS
 10
-2.686082
 20
0.172729
  0
VERTEX
  8
LAYER_1
 62
    39
  6
CONTINUOUS
 10
-2.680289
 20
0.169884
  0
VERTEX
  8
LAYER_1
 62
    39
  6
CONTINUOUS
 10
-2.674484
 20
0.167066
  0
VERTEX
  8
LAYER_1
 62
    39
  6
CONTINUOUS
 10
-2.668665
 20
0.164274
  0
VERTEX
  8
LAYER_1
 62
    39
  6
CONTINUOUS
 10
-2.662833
 20
0.161510
  0
VERTEX
  8
LAYER_1
 62
    39
  6
CONTINUOUS
 10
-2.656989
 20
0.158772
  0
VERTEX
  8
LAYER_1
 62
    39
  6
CONTINUOUS
 10
-2.651133
 20
0.156061
  0
VERTEX
  8
LAYER_1
 62
    39
  6
CONTINUOUS
 10
-2.645264
 20
0.153377
  0
VERTEX
  8
LAYER_1
 62
    39
  6
CONTINUOUS
 10
-2.639382
 20
0.150721
  0
VERTEX
  8
LAYER_1
 62
    39
  6
CONTINUOUS
 10
-2.633489
 20
0.148091
  0
VERTEX
  8
LAYER_1
 62
    39
  6
CONTINUOUS
 10
-2.627583
 20
0.145489
  0
VERTEX
  8
LAYER_1
 62
    39
  6
CONTINUOUS
 10
-2.621665
 20
0.142914
  0
VERTEX
  8
LAYER_1
 62
    39
  6
CONTINUOUS
 10
-2.615736
 20
0.140366
  0
VERTEX
  8
LAYER_1
 62
    39
  6
CONTINUOUS
 10
-2.609795
 20
0.137846
  0
VERTEX
  8
LAYER_1
 62
    39
  6
CONTINUOUS
 10
-2.603842
 20
0.135353
  0
VERTEX
  8
LAYER_1
 62
    39
  6
CONTINUOUS
 10
-2.597878
 20
0.132888
  0
VERTEX
  8
LAYER_1
 62
    39
  6
CONTINUOUS
 10
-2.591903
 20
0.130450
  0
VERTEX
  8
LAYER_1
 62
    39
  6
CONTINUOUS
 10
-2.585917
 20
0.128039
  0
VERTEX
  8
LAYER_1
 62
    39
  6
CONTINUOUS
 10
-2.579919
 20
0.125657
  0
VERTEX
  8
LAYER_1
 62
    39
  6
CONTINUOUS
 10
-2.573910
 20
0.123302
  0
VERTEX
  8
LAYER_1
 62
    39
  6
CONTINUOUS
 10
-2.567891
 20
0.120974
  0
VERTEX
  8
LAYER_1
 62
    39
  6
CONTINUOUS
 10
-2.561861
 20
0.118675
  0
VERTEX
  8
LAYER_1
 62
    39
  6
CONTINUOUS
 10
-2.555821
 20
0.116403
  0
VERTEX
  8
LAYER_1
 62
    39
  6
CONTINUOUS
 10
-2.549770
 20
0.114159
  0
VERTEX
  8
LAYER_1
 62
    39
  6
CONTINUOUS
 10
-2.543709
 20
0.111943
  0
VERTEX
  8
LAYER_1
 62
    39
  6
CONTINUOUS
 10
-2.537637
 20
0.109755
  0
VERTEX
  8
LAYER_1
 62
    39
  6
CONTINUOUS
 10
-2.531556
 20
0.107595
  0
VERTEX
  8
LAYER_1
 62
    39
  6
CONTINUOUS
 10
-2.525465
 20
0.105463
  0
VERTEX
  8
LAYER_1
 62
    39
  6
CONTINUOUS
 10
-2.519364
 20
0.103359
  0
VERTEX
  8
LAYER_1
 62
    39
  6
CONTINUOUS
 10
-2.513253
 20
0.101283
  0
VERTEX
  8
LAYER_1
 62
    39
  6
CONTINUOUS
 10
-2.507133
 20
0.099236
  0
VERTEX
  8
LAYER_1
 62
    39
  6
CONTINUOUS
 10
-2.501004
 20
0.097217
  0
VERTEX
  8
LAYER_1
 62
    39
  6
CONTINUOUS
 10
-2.494865
 20
0.095225
  0
VERTEX
  8
LAYER_1
 62
    39
  6
CONTINUOUS
 10
-2.488717
 20
0.093263
  0
VERTEX
  8
LAYER_1
 62
    39
  6
CONTINUOUS
 10
-2.482560
 20
0.091328
  0
VERTEX
  8
LAYER_1
 62
    39
  6
CONTINUOUS
 10
-2.476394
 20
0.089423
  0
VERTEX
  8
LAYER_1
 62
    39
  6
CONTINUOUS
 10
-2.470220
 20
0.087545
  0
VERTEX
  8
LAYER_1
 62
    39
  6
CONTINUOUS
 10
-2.464037
 20
0.085696
  0
VERTEX
  8
LAYER_1
 62
    39
  6
CONTINUOUS
 10
-2.457846
 20
0.083876
  0
VERTEX
  8
LAYER_1
 62
    39
  6
CONTINUOUS
 10
-2.451646
 20
0.082084
  0
VERTEX
  8
LAYER_1
 62
    39
  6
CONTINUOUS
 10
-2.445438
 20
0.080320
  0
VERTEX
  8
LAYER_1
 62
    39
  6
CONTINUOUS
 10
-2.439222
 20
0.078586
  0
VERTEX
  8
LAYER_1
 62
    39
  6
CONTINUOUS
 10
-2.432998
 20
0.076880
  0
VERTEX
  8
LAYER_1
 62
    39
  6
CONTINUOUS
 10
-2.426766
 20
0.075202
  0
VERTEX
  8
LAYER_1
 62
    39
  6
CONTINUOUS
 10
-2.420527
 20
0.073554
  0
VERTEX
  8
LAYER_1
 62
    39
  6
CONTINUOUS
 10
-2.414280
 20
0.071934
  0
VERTEX
  8
LAYER_1
 62
    39
  6
CONTINUOUS
 10
-2.408025
 20
0.070343
  0
VERTEX
  8
LAYER_1
 62
    39
  6
CONTINUOUS
 10
-2.401764
 20
0.068781
  0
VERTEX
  8
LAYER_1
 62
    39
  6
CONTINUOUS
 10
-2.395495
 20
0.067248
  0
VERTEX
  8
LAYER_1
 62
    39
  6
CONTINUOUS
 10
-2.389219
 20
0.065743
  0
VERTEX
  8
LAYER_1
 62
    39
  6
CONTINUOUS
 10
-2.382936
 20
0.064268
  0
VERTEX
  8
LAYER_1
 62
    39
  6
CONTINUOUS
 10
-2.376647
 20
0.062821
  0
VERTEX
  8
LAYER_1
 62
    39
  6
CONTINUOUS
 10
-2.370351
 20
0.061404
  0
VERTEX
  8
LAYER_1
 62
    39
  6
CONTINUOUS
 10
-2.364049
 20
0.060016
  0
VERTEX
  8
LAYER_1
 62
    39
  6
CONTINUOUS
 10
-2.357740
 20
0.058656
  0
VERTEX
  8
LAYER_1
 62
    39
  6
CONTINUOUS
 10
-2.351425
 20
0.057326
  0
VERTEX
  8
LAYER_1
 62
    39
  6
CONTINUOUS
 10
-2.345104
 20
0.056025
  0
VERTEX
  8
LAYER_1
 62
    39
  6
CONTINUOUS
 10
-2.338777
 20
0.054753
  0
VERTEX
  8
LAYER_1
 62
    39
  6
CONTINUOUS
 10
-2.332444
 20
0.053510
  0
VERTEX
  8
LAYER_1
 62
    39
  6
CONTINUOUS
 10
-2.326106
 20
0.052297
  0
VERTEX
  8
LAYER_1
 62
    39
  6
CONTINUOUS
 10
-2.319762
 20
0.051113
  0
VERTEX
  8
LAYER_1
 62
    39
  6
CONTINUOUS
 10
-2.313412
 20
0.049958
  0
VERTEX
  8
LAYER_1
 62
    39
  6
CONTINUOUS
 10
-2.307058
 20
0.048832
  0
VERTEX
  8
LAYER_1
 62
    39
  6
CONTINUOUS
 10
-2.300698
 20
0.047735
  0
VERTEX
  8
LAYER_1
 62
    39
  6
CONTINUOUS
 10
-2.294333
 20
0.046668
  0
VERTEX
  8
LAYER_1
 62
    39
  6
CONTINUOUS
 10
-2.287964
 20
0.045630
  0
VERTEX
  8
LAYER_1
 62
    39
  6
CONTINUOUS
 10
-2.281589
 20
0.044622
  0
VERTEX
  8
LAYER_1
 62
    39
  6
CONTINUOUS
 10
-2.275211
 20
0.043643
  0
VERTEX
  8
LAYER_1
 62
    39
  6
CONTINUOUS
 10
-2.268827
 20
0.042693
  0
VERTEX
  8
LAYER_1
 62
    39
  6
CONTINUOUS
 10
-2.262440
 20
0.041773
  0
VERTEX
  8
LAYER_1
 62
    39
  6
CONTINUOUS
 10
-2.256048
 20
0.040882
  0
VERTEX
  8
LAYER_1
 62
    39
  6
CONTINUOUS
 10
-2.249652
 20
0.040021
  0
VERTEX
  8
LAYER_1
 62
    39
  6
CONTINUOUS
 10
-2.243252
 20
0.039189
  0
VERTEX
  8
LAYER_1
 62
    39
  6
CONTINUOUS
 10
-2.236849
 20
0.038387
  0
VERTEX
  8
LAYER_1
 62
    39
  6
CONTINUOUS
 10
-2.230442
 20
0.037614
  0
VERTEX
  8
LAYER_1
 62
    39
  6
CONTINUOUS
 10
-2.224031
 20
0.036871
  0
VERTEX
  8
LAYER_1
 62
    39
  6
CONTINUOUS
 10
-2.217617
 20
0.036158
  0
VERTEX
  8
LAYER_1
 62
    39
  6
CONTINUOUS
 10
-2.211200
 20
0.035474
  0
VERTEX
  8
LAYER_1
 62
    39
  6
CONTINUOUS
 10
-2.204780
 20
0.034819
  0
VERTEX
  8
LAYER_1
 62
    39
  6
CONTINUOUS
 10
-2.198356
 20
0.034194
  0
VERTEX
  8
LAYER_1
 62
    39
  6
CONTINUOUS
 10
-2.191930
 20
0.033599
  0
VERTEX
  8
LAYER_1
 62
    39
  6
CONTINUOUS
 10
-2.185502
 20
0.033033
  0
VERTEX
  8
LAYER_1
 62
    39
  6
CONTINUOUS
 10
-2.179070
 20
0.032497
  0
VERTEX
  8
LAYER_1
 62
    39
  6
CONTINUOUS
 10
-2.172637
 20
0.031991
  0
VERTEX
  8
LAYER_1
 62
    39
  6
CONTINUOUS
 10
-2.166201
 20
0.031514
  0
VERTEX
  8
LAYER_1
 62
    39
  6
CONTINUOUS
 10
-2.159763
 20
0.031067
  0
VERTEX
  8
LAYER_1
 62
    39
  6
CONTINUOUS
 10
-2.153323
 20
0.030650
  0
VERTEX
  8
LAYER_1
 62
    39
  6
CONTINUOUS
 10
-2.146881
 20
0.030263
  0
VERTEX
  8
LAYER_1
 62
    39
  6
CONTINUOUS
 10
-2.140437
 20
0.029905
  0
VERTEX
  8
LAYER_1
 62
    39
  6
CONTINUOUS
 10
-2.133992
 20
0.029576
  0
VERTEX
  8
LAYER_1
 62
    39
  6
CONTINUOUS
 10
-2.127545
 20
0.029278
  0
VERTEX
  8
LAYER_1
 62
    39
  6
CONTINUOUS
 10
-2.121097
 20
0.029009
  0
VERTEX
  8
LAYER_1
 62
    39
  6
CONTINUOUS
 10
-2.114648
 20
0.028770
  0
VERTEX
  8
LAYER_1
 62
    39
  6
CONTINUOUS
 10
-2.108198
 20
0.028561
  0
VERTEX
  8
LAYER_1
 62
    39
  6
CONTINUOUS
 10
-2.101747
 20
0.028381
  0
VERTEX
  8
LAYER_1
 62
    39
  6
CONTINUOUS
 10
-2.095295
 20
0.028231
  0
VERTEX
  8
LAYER_1
 62
    39
  6
CONTINUOUS
 10
-2.088843
 20
0.028111
  0
VERTEX
  8
LAYER_1
 62
    39
  6
CONTINUOUS
 10
-2.082390
 20
0.028021
  0
VERTEX
  8
LAYER_1
 62
    39
  6
CONTINUOUS
 10
-2.075937
 20
0.027960
  0
VERTEX
  8
LAYER_1
 62
    39
  6
CONTINUOUS
 10
-2.069483
 20
0.027929
  0
VERTEX
  8
LAYER_1
 62
    39
  6
CONTINUOUS
 10
-2.063030
 20
0.027928
  0
VERTEX
  8
LAYER_1
 62
    39
  6
CONTINUOUS
 10
-2.056576
 20
0.027957
  0
VERTEX
  8
LAYER_1
 62
    39
  6
CONTINUOUS
 10
-2.050123
 20
0.028015
  0
VERTEX
  8
LAYER_1
 62
    39
  6
CONTINUOUS
 10
-2.043670
 20
0.028104
  0
VERTEX
  8
LAYER_1
 62
    39
  6
CONTINUOUS
 10
-2.037217
 20
0.028221
  0
VERTEX
  8
LAYER_1
 62
    39
  6
CONTINUOUS
 10
-2.030766
 20
0.028369
  0
VERTEX
  8
LAYER_1
 62
    39
  6
CONTINUOUS
 10
-2.024314
 20
0.028546
  0
VERTEX
  8
LAYER_1
 62
    39
  6
CONTINUOUS
 10
-2.017864
 20
0.028754
  0
VERTEX
  8
LAYER_1
 62
    39
  6
CONTINUOUS
 10
-2.011415
 20
0.028990
  0
VERTEX
  8
LAYER_1
 62
    39
  6
CONTINUOUS
 10
-2.004967
 20
0.029257
  0
VERTEX
  8
LAYER_1
 62
    39
  6
CONTINUOUS
 10
-1.998520
 20
0.029553
  0
VERTEX
  8
LAYER_1
 62
    39
  6
CONTINUOUS
 10
-1.992075
 20
0.029879
  0
VERTEX
  8
LAYER_1
 62
    39
  6
CONTINUOUS
 10
-1.985631
 20
0.030235
  0
VERTEX
  8
LAYER_1
 62
    39
  6
CONTINUOUS
 10
-1.979189
 20
0.030620
  0
VERTEX
  8
LAYER_1
 62
    39
  6
CONTINUOUS
 10
-1.972749
 20
0.031035
  0
VERTEX
  8
LAYER_1
 62
    39
  6
CONTINUOUS
 10
-1.966311
 20
0.031480
  0
VERTEX
  8
LAYER_1
 62
    39
  6
CONTINUOUS
 10
-1.959875
 20
0.031955
  0
VERTEX
  8
LAYER_1
 62
    39
  6
CONTINUOUS
 10
-1.953441
 20
0.032459
  0
VERTEX
  8
LAYER_1
 62
    39
  6
CONTINUOUS
 10
-1.947009
 20
0.032992
  0
VERTEX
  8
LAYER_1
 62
    39
  6
CONTINUOUS
 10
-1.940580
 20
0.033556
  0
VERTEX
  8
LAYER_1
 62
    39
  6
CONTINUOUS
 10
-1.934154
 20
0.034149
  0
VERTEX
  8
LAYER_1
 62
    39
  6
CONTINUOUS
 10
-1.927731
 20
0.034771
  0
VERTEX
  8
LAYER_1
 62
    39
  6
CONTINUOUS
 10
-1.921310
 20
0.035424
  0
VERTEX
  8
LAYER_1
 62
    39
  6
CONTINUOUS
 10
-1.914893
 20
0.036106
  0
VERTEX
  8
LAYER_1
 62
    39
  6
CONTINUOUS
 10
-1.908479
 20
0.036817
  0
VERTEX
  8
LAYER_1
 62
    39
  6
CONTINUOUS
 10
-1.902068
 20
0.037558
  0
VERTEX
  8
LAYER_1
 62
    39
  6
CONTINUOUS
 10
-1.895660
 20
0.038328
  0
VERTEX
  8
LAYER_1
 62
    39
  6
CONTINUOUS
 10
-1.889257
 20
0.039129
  0
VERTEX
  8
LAYER_1
 62
    39
  6
CONTINUOUS
 10
-1.882857
 20
0.039958
  0
VERTEX
  8
LAYER_1
 62
    39
  6
CONTINUOUS
 10
-1.876460
 20
0.040817
  0
VERTEX
  8
LAYER_1
 62
    39
  6
CONTINUOUS
 10
-1.870068
 20
0.041706
  0
VERTEX
  8
LAYER_1
 62
    39
  6
CONTINUOUS
 10
-1.863680
 20
0.042624
  0
VERTEX
  8
LAYER_1
 62
    39
  6
CONTINUOUS
 10
-1.857297
 20
0.043571
  0
VERTEX
  8
LAYER_1
 62
    39
  6
CONTINUOUS
 10
-1.850918
 20
0.044548
  0
VERTEX
  8
LAYER_1
 62
    39
  6
CONTINUOUS
 10
-1.844543
 20
0.045554
  0
VERTEX
  8
LAYER_1
 62
    39
  6
CONTINUOUS
 10
-1.838173
 20
0.046590
  0
VERTEX
  8
LAYER_1
 62
    39
  6
CONTINUOUS
 10
-1.831808
 20
0.047655
  0
VERTEX
  8
LAYER_1
 62
    39
  6
CONTINUOUS
 10
-1.825448
 20
0.048749
  0
VERTEX
  8
LAYER_1
 62
    39
  6
CONTINUOUS
 10
-1.819093
 20
0.049873
  0
VERTEX
  8
LAYER_1
 62
    39
  6
CONTINUOUS
 10
-1.812743
 20
0.051025
  0
VERTEX
  8
LAYER_1
 62
    39
  6
CONTINUOUS
 10
-1.806399
 20
0.052208
  0
VERTEX
  8
LAYER_1
 62
    39
  6
CONTINUOUS
 10
-1.800060
 20
0.053419
  0
VERTEX
  8
LAYER_1
 62
    39
  6
CONTINUOUS
 10
-1.793727
 20
0.054660
  0
VERTEX
  8
LAYER_1
 62
    39
  6
CONTINUOUS
 10
-1.787399
 20
0.055929
  0
VERTEX
  8
LAYER_1
 62
    39
  6
CONTINUOUS
 10
-1.781078
 20
0.057228
  0
VERTEX
  8
LAYER_1
 62
    39
  6
CONTINUOUS
 10
-1.774762
 20
0.058556
  0
VERTEX
  8
LAYER_1
 62
    39
  6
CONTINUOUS
 10
-1.768453
 20
0.059913
  0
VERTEX
  8
LAYER_1
 62
    39
  6
CONTINUOUS
 10
-1.762150
 20
0.061300
  0
VERTEX
  8
LAYER_1
 62
    39
  6
CONTINUOUS
 10
-1.755854
 20
0.062715
  0
VERTEX
  8
LAYER_1
 62
    39
  6
CONTINUOUS
 10
-1.749564
 20
0.064159
  0
VERTEX
  8
LAYER_1
 62
    39
  6
CONTINUOUS
 10
-1.743281
 20
0.065632
  0
VERTEX
  8
LAYER_1
 62
    39
  6
CONTINUOUS
 10
-1.737004
 20
0.067134
  0
VERTEX
  8
LAYER_1
 62
    39
  6
CONTINUOUS
 10
-1.730735
 20
0.068666
  0
VERTEX
  8
LAYER_1
 62
    39
  6
CONTINUOUS
 10
-1.724473
 20
0.070225
  0
VERTEX
  8
LAYER_1
 62
    39
  6
CONTINUOUS
 10
-1.718218
 20
0.071814
  0
VERTEX
  8
LAYER_1
 62
    39
  6
CONTINUOUS
 10
-1.711971
 20
0.073432
  0
VERTEX
  8
LAYER_1
 62
    39
  6
CONTINUOUS
 10
-1.705731
 20
0.075078
  0
VERTEX
  8
LAYER_1
 62
    39
  6
CONTINUOUS
 10
-1.699498
 20
0.076754
  0
VERTEX
  8
LAYER_1
 62
    39
  6
CONTINUOUS
 10
-1.693274
 20
0.078457
  0
VERTEX
  8
LAYER_1
 62
    39
  6
CONTINUOUS
 10
-1.687057
 20
0.080190
  0
VERTEX
  8
LAYER_1
 62
    39
  6
CONTINUOUS
 10
-1.680848
 20
0.081951
  0
VERTEX
  8
LAYER_1
 62
    39
  6
CONTINUOUS
 10
-1.674648
 20
0.083741
  0
VERTEX
  8
LAYER_1
 62
    39
  6
CONTINUOUS
 10
-1.668456
 20
0.085559
  0
VERTEX
  8
LAYER_1
 62
    39
  6
CONTINUOUS
 10
-1.662272
 20
0.087406
  0
VERTEX
  8
LAYER_1
 62
    39
  6
CONTINUOUS
 10
-1.656097
 20
0.089282
  0
VERTEX
  8
LAYER_1
 62
    39
  6
CONTINUOUS
 10
-1.649931
 20
0.091185
  0
VERTEX
  8
LAYER_1
 62
    39
  6
CONTINUOUS
 10
-1.643773
 20
0.093118
  0
VERTEX
  8
LAYER_1
 62
    39
  6
CONTINUOUS
 10
-1.637625
 20
0.095078
  0
VERTEX
  8
LAYER_1
 62
    39
  6
CONTINUOUS
 10
-1.631485
 20
0.097067
  0
VERTEX
  8
LAYER_1
 62
    39
  6
CONTINUOUS
 10
-1.625355
 20
0.099084
  0
VERTEX
  8
LAYER_1
 62
    39
  6
CONTINUOUS
 10
-1.619234
 20
0.101130
  0
VERTEX
  8
LAYER_1
 62
    39
  6
CONTINUOUS
 10
-1.613123
 20
0.103203
  0
VERTEX
  8
LAYER_1
 62
    39
  6
CONTINUOUS
 10
-1.607021
 20
0.105305
  0
VERTEX
  8
LAYER_1
 62
    39
  6
CONTINUOUS
 10
-1.600929
 20
0.107435
  0
VERTEX
  8
LAYER_1
 62
    39
  6
CONTINUOUS
 10
-1.594847
 20
0.109593
  0
VERTEX
  8
LAYER_1
 62
    39
  6
CONTINUOUS
 10
-1.588775
 20
0.111779
  0
VERTEX
  8
LAYER_1
 62
    39
  6
CONTINUOUS
 10
-1.582713
 20
0.113993
  0
VERTEX
  8
LAYER_1
 62
    39
  6
CONTINUOUS
 10
-1.576662
 20
0.116234
  0
VERTEX
  8
LAYER_1
 62
    39
  6
CONTINUOUS
 10
-1.570620
 20
0.118504
  0
VERTEX
  8
LAYER_1
 62
    39
  6
CONTINUOUS
 10
-1.564590
 20
0.120802
  0
VERTEX
  8
LAYER_1
 62
    39
  6
CONTINUOUS
 10
-1.558570
 20
0.123127
  0
VERTEX
  8
LAYER_1
 62
    39
  6
CONTINUOUS
 10
-1.552560
 20
0.125480
  0
VERTEX
  8
LAYER_1
 62
    39
  6
CONTINUOUS
 10
-1.546562
 20
0.127861
  0
VERTEX
  8
LAYER_1
 62
    39
  6
CONTINUOUS
 10
-1.540574
 20
0.130269
  0
VERTEX
  8
LAYER_1
 62
    39
  6
CONTINUOUS
 10
-1.534598
 20
0.132705
  0
VERTEX
  8
LAYER_1
 62
    39
  6
CONTINUOUS
 10
-1.528633
 20
0.135168
  0
VERTEX
  8
LAYER_1
 62
    39
  6
CONTINUOUS
 10
-1.522680
 20
0.137659
  0
VERTEX
  8
LAYER_1
 62
    39
  6
CONTINUOUS
 10
-1.516738
 20
0.140178
  0
VERTEX
  8
LAYER_1
 62
    39
  6
CONTINUOUS
 10
-1.510808
 20
0.142723
  0
VERTEX
  8
LAYER_1
 62
    39
  6
CONTINUOUS
 10
-1.504889
 20
0.145296
  0
VERTEX
  8
LAYER_1
 62
    39
  6
CONTINUOUS
 10
-1.498983
 20
0.147896
  0
VERTEX
  8
LAYER_1
 62
    39
  6
CONTINUOUS
 10
-1.493088
 20
0.150524
  0
VERTEX
  8
LAYER_1
 62
    39
  6
CONTINUOUS
 10
-1.487206
 20
0.153178
  0
VERTEX
  8
LAYER_1
 62
    39
  6
CONTINUOUS
 10
-1.481336
 20
0.155860
  0
VERTEX
  8
LAYER_1
 62
    39
  6
CONTINUOUS
 10
-1.475478
 20
0.158569
  0
VERTEX
  8
LAYER_1
 62
    39
  6
CONTINUOUS
 10
-1.469633
 20
0.161304
  0
VERTEX
  8
LAYER_1
 62
    39
  6
CONTINUOUS
 10
-1.463801
 20
0.164067
  0
VERTEX
  8
LAYER_1
 62
    39
  6
CONTINUOUS
 10
-1.457981
 20
0.166856
  0
VERTEX
  8
LAYER_1
 62
    39
  6
CONTINUOUS
 10
-1.452175
 20
0.169673
  0
VERTEX
  8
LAYER_1
 62
    39
  6
CONTINUOUS
 10
-1.446381
 20
0.172516
  0
VERTEX
  8
LAYER_1
 62
    39
  6
CONTINUOUS
 10
-1.440601
 20
0.175385
  0
VERTEX
  8
LAYER_1
 62
    39
  6
CONTINUOUS
 10
-1.434834
 20
0.178282
  0
VERTEX
  8
LAYER_1
 62
    39
  6
CONTINUOUS
 10
-1.429080
 20
0.181204
  0
VERTEX
  8
LAYER_1
 62
    39
  6
CONTINUOUS
 10
-1.423340
 20
0.184154
  0
VERTEX
  8
LAYER_1
 62
    39
  6
CONTINUOUS
 10
-1.417613
 20
0.187129
  0
VERTEX
  8
LAYER_1
 62
    39
  6
CONTINUOUS
 10
-1.411900
 20
0.190132
  0
VERTEX
  8
LAYER_1
 62
    39
  6
CONTINUOUS
 10
-1.406201
 20
0.193160
  0
VERTEX
  8
LAYER_1
 62
    39
  6
CONTINUOUS
 10
-1.400517
 20
0.196215
  0
VERTEX
  8
LAYER_1
 62
    39
  6
CONTINUOUS
 10
-1.394846
 20
0.199295
  0
VERTEX
  8
LAYER_1
 62
    39
  6
CONTINUOUS
 10
-1.389189
 20
0.202402
  0
VERTEX
  8
LAYER_1
 62
    39
  6
CONTINUOUS
 10
-1.383547
 20
0.205535
  0
VERTEX
  8
LAYER_1
 62
    39
  6
CONTINUOUS
 10
-1.377920
 20
0.208694
  0
VERTEX
  8
LAYER_1
 62
    39
  6
CONTINUOUS
 10
-1.372307
 20
0.211879
  0
VERTEX
  8
LAYER_1
 62
    39
  6
CONTINUOUS
 10
-1.366709
 20
0.215090
  0
VERTEX
  8
LAYER_1
 62
    39
  6
CONTINUOUS
 10
-1.361125
 20
0.218326
  0
VERTEX
  8
LAYER_1
 62
    39
  6
CONTINUOUS
 10
-1.355557
 20
0.221588
  0
VERTEX
  8
LAYER_1
 62
    39
  6
CONTINUOUS
 10
-1.350004
 20
0.224876
  0
VERTEX
  8
LAYER_1
 62
    39
  6
CONTINUOUS
 10
-1.344466
 20
0.228190
  0
VERTEX
  8
LAYER_1
 62
    39
  6
CONTINUOUS
 10
-1.338943
 20
0.231528
  0
VERTEX
  8
LAYER_1
 62
    39
  6
CONTINUOUS
 10
-1.333436
 20
0.234893
  0
VERTEX
  8
LAYER_1
 62
    39
  6
CONTINUOUS
 10
-1.327944
 20
0.238282
  0
VERTEX
  8
LAYER_1
 62
    39
  6
CONTINUOUS
 10
-1.322468
 20
0.241697
  0
VERTEX
  8
LAYER_1
 62
    39
  6
CONTINUOUS
 10
-1.317008
 20
0.245137
  0
VERTEX
  8
LAYER_1
 62
    39
  6
CONTINUOUS
 10
-1.311563
 20
0.248603
  0
VERTEX
  8
LAYER_1
 62
    39
  6
CONTINUOUS
 10
-1.306135
 20
0.252093
  0
VERTEX
  8
LAYER_1
 62
    39
  6
CONTINUOUS
 10
-1.300723
 20
0.255608
  0
VERTEX
  8
LAYER_1
 62
    39
  6
CONTINUOUS
 10
-1.295327
 20
0.259148
  0
VERTEX
  8
LAYER_1
 62
    39
  6
CONTINUOUS
 10
-1.289948
 20
0.262713
  0
VERTEX
  8
LAYER_1
 62
    39
  6
CONTINUOUS
 10
-1.284585
 20
0.266303
  0
VERTEX
  8
LAYER_1
 62
    39
  6
CONTINUOUS
 10
-1.279238
 20
0.269918
  0
VERTEX
  8
LAYER_1
 62
    39
  6
CONTINUOUS
 10
-1.273909
 20
0.273557
  0
VERTEX
  8
LAYER_1
 62
    39
  6
CONTINUOUS
 10
-1.268596
 20
0.277220
  0
VERTEX
  8
LAYER_1
 62
    39
  6
CONTINUOUS
 10
-1.263300
 20
0.280908
  0
VERTEX
  8
LAYER_1
 62
    39
  6
CONTINUOUS
 10
-1.258021
 20
0.284621
  0
VERTEX
  8
LAYER_1
 62
    39
  6
CONTINUOUS
 10
-1.252759
 20
0.288358
  0
VERTEX
  8
LAYER_1
 62
    39
  6
CONTINUOUS
 10
-1.247515
 20
0.292119
  0
VERTEX
  8
LAYER_1
 62
    39
  6
CONTINUOUS
 10
-1.242288
 20
0.295904
  0
VERTEX
  8
LAYER_1
 62
    39
  6
CONTINUOUS
 10
-1.237079
 20
0.299713
  0
VERTEX
  8
LAYER_1
 62
    39
  6
CONTINUOUS
 10
-1.231887
 20
0.303546
  0
VERTEX
  8
LAYER_1
 62
    39
  6
CONTINUOUS
 10
-1.226713
 20
0.307403
  0
VERTEX
  8
LAYER_1
 62
    39
  6
CONTINUOUS
 10
-1.221556
 20
0.311284
  0
VERTEX
  8
LAYER_1
 62
    39
  6
CONTINUOUS
 10
-1.216418
 20
0.315188
  0
VERTEX
  8
LAYER_1
 62
    39
  6
CONTINUOUS
 10
-1.211298
 20
0.319116
  0
VERTEX
  8
LAYER_1
 62
    39
  6
CONTINUOUS
 10
-1.206195
 20
0.323068
  0
VERTEX
  8
LAYER_1
 62
    39
  6
CONTINUOUS
 10
-1.201111
 20
0.327043
  0
VERTEX
  8
LAYER_1
 62
    39
  6
CONTINUOUS
 10
-1.196046
 20
0.331042
  0
VERTEX
  8
LAYER_1
 62
    39
  6
CONTINUOUS
 10
-1.190999
 20
0.335064
  0
VERTEX
  8
LAYER_1
 62
    39
  6
CONTINUOUS
 10
-1.185971
 20
0.339109
  0
VERTEX
  8
LAYER_1
 62
    39
  6
CONTINUOUS
 10
-1.180961
 20
0.343177
  0
VERTEX
  8
LAYER_1
 62
    39
  6
CONTINUOUS
 10
-1.175970
 20
0.347269
  0
VERTEX
  8
LAYER_1
 62
    39
  6
CONTINUOUS
 10
-1.170998
 20
0.351383
  0
VERTEX
  8
LAYER_1
 62
    39
  6
CONTINUOUS
 10
-1.166045
 20
0.355520
  0
VERTEX
  8
LAYER_1
 62
    39
  6
CONTINUOUS
 10
-1.161111
 20
0.359680
  0
VERTEX
  8
LAYER_1
 62
    39
  6
CONTINUOUS
 10
-1.156196
 20
0.363863
  0
VERTEX
  8
LAYER_1
 62
    39
  6
CONTINUOUS
 10
-1.151301
 20
0.368068
  0
VERTEX
  8
LAYER_1
 62
    39
  6
CONTINUOUS
 10
-1.146425
 20
0.372296
  0
VERTEX
  8
LAYER_1
 62
    39
  6
CONTINUOUS
 10
-1.141569
 20
0.376546
  0
VERTEX
  8
LAYER_1
 62
    39
  6
CONTINUOUS
 10
-1.136732
 20
0.380819
  0
VERTEX
  8
LAYER_1
 62
    39
  6
CONTINUOUS
 10
-1.131915
 20
0.385114
  0
VERTEX
  8
LAYER_1
 62
    39
  6
CONTINUOUS
 10
-1.127118
 20
0.389431
  0
VERTEX
  8
LAYER_1
 62
    39
  6
CONTINUOUS
 10
-1.122341
 20
0.393770
  0
VERTEX
  8
LAYER_1
 62
    39
  6
CONTINUOUS
 10
-1.117584
 20
0.398131
  0
VERTEX
  8
LAYER_1
 62
    39
  6
CONTINUOUS
 10
-1.112847
 20
0.402513
  0
VERTEX
  8
LAYER_1
 62
    39
  6
CONTINUOUS
 10
-1.108130
 20
0.406918
  0
VERTEX
  8
LAYER_1
 62
    39
  6
CONTINUOUS
 10
-1.103434
 20
0.411345
  0
VERTEX
  8
LAYER_1
 62
    39
  6
CONTINUOUS
 10
-1.098758
 20
0.415793
  0
VERTEX
  8
LAYER_1
 62
    39
  6
CONTINUOUS
 10
-1.094103
 20
0.420262
  0
VERTEX
  8
LAYER_1
 62
    39
  6
CONTINUOUS
 10
-1.089468
 20
0.424753
  0
VERTEX
  8
LAYER_1
 62
    39
  6
CONTINUOUS
 10
-1.084854
 20
0.429265
  0
VERTEX
  8
LAYER_1
 62
    39
  6
CONTINUOUS
 10
-1.080261
 20
0.433799
  0
VERTEX
  8
LAYER_1
 62
    39
  6
CONTINUOUS
 10
-1.075689
 20
0.438353
  0
VERTEX
  8
LAYER_1
 62
    39
  6
CONTINUOUS
 10
-1.071138
 20
0.442929
  0
VERTEX
  8
LAYER_1
 62
    39
  6
CONTINUOUS
 10
-1.066608
 20
0.447525
  0
VERTEX
  8
LAYER_1
 62
    39
  6
CONTINUOUS
 10
-1.062099
 20
0.452143
  0
VERTEX
  8
LAYER_1
 62
    39
  6
CONTINUOUS
 10
-1.057612
 20
0.456781
  0
VERTEX
  8
LAYER_1
 62
    39
  6
CONTINUOUS
 10
-1.053146
 20
0.461439
  0
VERTEX
  8
LAYER_1
 62
    39
  6
CONTINUOUS
 10
-1.048702
 20
0.466119
  0
VERTEX
  8
LAYER_1
 62
    39
  6
CONTINUOUS
 10
-1.044279
 20
0.470818
  0
VERTEX
  8
LAYER_1
 62
    39
  6
CONTINUOUS
 10
-1.039878
 20
0.475538
  0
VERTEX
  8
LAYER_1
 62
    39
  6
CONTINUOUS
 10
-1.035498
 20
0.480279
  0
VERTEX
  8
LAYER_1
 62
    39
  6
CONTINUOUS
 10
-1.031141
 20
0.485039
  0
VERTEX
  8
LAYER_1
 62
    39
  6
CONTINUOUS
 10
-1.026806
 20
0.489820
  0
VERTEX
  8
LAYER_1
 62
    39
  6
CONTINUOUS
 10
-1.022492
 20
0.494620
  0
VERTEX
  8
LAYER_1
 62
    39
  6
CONTINUOUS
 10
-1.018201
 20
0.499440
  0
VERTEX
  8
LAYER_1
 62
    39
  6
CONTINUOUS
 10
-1.013932
 20
0.504280
  0
VERTEX
  8
LAYER_1
 62
    39
  6
CONTINUOUS
 10
-1.009686
 20
0.509140
  0
VERTEX
  8
LAYER_1
 62
    39
  6
CONTINUOUS
 10
-1.005462
 20
0.514019
  0
VERTEX
  8
LAYER_1
 62
    39
  6
CONTINUOUS
 10
-1.001260
 20
0.518917
  0
VERTEX
  8
LAYER_1
 62
    39
  6
CONTINUOUS
 10
-0.997081
 20
0.523835
  0
VERTEX
  8
LAYER_1
 62
    39
  6
CONTINUOUS
 10
-0.992925
 20
0.528772
  0
VERTEX
  8
LAYER_1
 62
    39
  6
CONTINUOUS
 10
-0.988792
 20
0.533728
  0
VERTEX
  8
LAYER_1
 62
    39
  6
CONTINUOUS
 10
-0.984681
 20
0.538703
  0
VERTEX
  8
LAYER_1
 62
    39
  6
CONTINUOUS
 10
-0.980594
 20
0.543697
  0
VERTEX
  8
LAYER_1
 62
    39
  6
CONTINUOUS
 10
-0.976529
 20
0.548710
  0
VERTEX
  8
LAYER_1
 62
    39
  6
CONTINUOUS
 10
-0.972488
 20
0.553742
  0
VERTEX
  8
LAYER_1
 62
    39
  6
CONTINUOUS
 10
-0.968470
 20
0.558792
  0
VERTEX
  8
LAYER_1
 62
    39
  6
CONTINUOUS
 10
-0.964475
 20
0.563860
  0
VERTEX
  8
LAYER_1
 62
    39
  6
CONTINUOUS
 10
-0.960504
 20
0.568947
  0
VERTEX
  8
LAYER_1
 62
    39
  6
CONTINUOUS
 10
-0.956556
 20
0.574053
  0
VERTEX
  8
LAYER_1
 62
    39
  6
CONTINUOUS
 10
-0.952631
 20
0.579176
  0
VERTEX
  8
LAYER_1
 62
    39
  6
CONTINUOUS
 10
-0.948731
 20
0.584317
  0
VERTEX
  8
LAYER_1
 62
    39
  6
CONTINUOUS
 10
-0.944854
 20
0.589476
  0
VERTEX
  8
LAYER_1
 62
    39
  6
CONTINUOUS
 10
-0.941001
 20
0.594654
  0
VERTEX
  8
LAYER_1
 62
    39
  6
CONTINUOUS
 10
-0.937172
 20
0.599848
  0
VERTEX
  8
LAYER_1
 62
    39
  6
CONTINUOUS
 10
-0.933367
 20
0.605061
  0
VERTEX
  8
LAYER_1
 62
    39
  6
CONTINUOUS
 10
-0.929585
 20
0.610291
  0
VERTEX
  8
LAYER_1
 62
    39
  6
CONTINUOUS
 10
-0.925829
 20
0.615538
  0
VERTEX
  8
LAYER_1
 62
    39
  6
CONTINUOUS
 10
-0.922096
 20
0.620802
  0
VERTEX
  8
LAYER_1
 62
    39
  6
CONTINUOUS
 10
-0.918387
 20
0.626084
  0
VERTEX
  8
LAYER_1
 62
    39
  6
CONTINUOUS
 10
-0.914703
 20
0.631383
  0
VERTEX
  8
LAYER_1
 62
    39
  6
CONTINUOUS
 10
-0.911044
 20
0.636698
  0
VERTEX
  8
LAYER_1
 62
    39
  6
CONTINUOUS
 10
-0.907409
 20
0.642031
  0
VERTEX
  8
LAYER_1
 62
    39
  6
CONTINUOUS
 10
-0.903798
 20
0.647380
  0
VERTEX
  8
LAYER_1
 62
    39
  6
CONTINUOUS
 10
-0.900213
 20
0.652746
  0
VERTEX
  8
LAYER_1
 62
    39
  6
CONTINUOUS
 10
-0.896652
 20
0.658128
  0
VERTEX
  8
LAYER_1
 62
    39
  6
CONTINUOUS
 10
-0.893116
 20
0.663526
  0
VERTEX
  8
LAYER_1
 62
    39
  6
CONTINUOUS
 10
-0.889605
 20
0.668941
  0
VERTEX
  8
LAYER_1
 62
    39
  6
CONTINUOUS
 10
-0.886118
 20
0.674372
  0
VERTEX
  8
LAYER_1
 62
    39
  6
CONTINUOUS
 10
-0.882657
 20
0.679819
  0
VERTEX
  8
LAYER_1
 62
    39
  6
CONTINUOUS
 10
-0.879221
 20
0.685282
  0
VERTEX
  8
LAYER_1
 62
    39
  6
CONTINUOUS
 10
-0.875811
 20
0.690761
  0
VERTEX
  8
LAYER_1
 62
    39
  6
CONTINUOUS
 10
-0.872425
 20
0.696255
  0
VERTEX
  8
LAYER_1
 62
    39
  6
CONTINUOUS
 10
-0.869065
 20
0.701765
  0
VERTEX
  8
LAYER_1
 62
    39
  6
CONTINUOUS
 10
-0.865730
 20
0.707290
  0
VERTEX
  8
LAYER_1
 62
    39
  6
CONTINUOUS
 10
-0.862421
 20
0.712831
  0
VERTEX
  8
LAYER_1
 62
    39
  6
CONTINUOUS
 10
-0.859138
 20
0.718386
  0
VERTEX
  8
LAYER_1
 62
    39
  6
CONTINUOUS
 10
-0.855880
 20
0.723957
  0
VERTEX
  8
LAYER_1
 62
    39
  6
CONTINUOUS
 10
-0.852648
 20
0.729543
  0
VERTEX
  8
LAYER_1
 62
    39
  6
CONTINUOUS
 10
-0.849441
 20
0.735144
  0
VERTEX
  8
LAYER_1
 62
    39
  6
CONTINUOUS
 10
-0.846261
 20
0.740759
  0
VERTEX
  8
LAYER_1
 62
    39
  6
CONTINUOUS
 10
-0.843106
 20
0.746389
  0
VERTEX
  8
LAYER_1
 62
    39
  6
CONTINUOUS
 10
-0.839977
 20
0.752033
  0
VERTEX
  8
LAYER_1
 62
    39
  6
CONTINUOUS
 10
-0.836875
 20
0.757692
  0
VERTEX
  8
LAYER_1
 62
    39
  6
CONTINUOUS
 10
-0.833798
 20
0.763365
  0
VERTEX
  8
LAYER_1
 62
    39
  6
CONTINUOUS
 10
-0.830748
 20
0.769052
  0
VERTEX
  8
LAYER_1
 62
    39
  6
CONTINUOUS
 10
-0.827724
 20
0.774754
  0
VERTEX
  8
LAYER_1
 62
    39
  6
CONTINUOUS
 10
-0.824726
 20
0.780469
  0
VERTEX
  8
LAYER_1
 62
    39
  6
CONTINUOUS
 10
-0.821755
 20
0.786197
  0
VERTEX
  8
LAYER_1
 62
    39
  6
CONTINUOUS
 10
-0.818810
 20
0.791940
  0
VERTEX
  8
LAYER_1
 62
    39
  6
CONTINUOUS
 10
-0.815891
 20
0.797696
  0
VERTEX
  8
LAYER_1
 62
    39
  6
CONTINUOUS
 10
-0.812999
 20
0.803465
  0
VERTEX
  8
LAYER_1
 62
    39
  6
CONTINUOUS
 10
-0.810134
 20
0.809248
  0
VERTEX
  8
LAYER_1
 62
    39
  6
CONTINUOUS
 10
-0.807296
 20
0.815044
  0
VERTEX
  8
LAYER_1
 62
    39
  6
CONTINUOUS
 10
-0.804484
 20
0.820852
  0
VERTEX
  8
LAYER_1
 62
    39
  6
CONTINUOUS
 10
-0.801699
 20
0.826674
  0
VERTEX
  8
LAYER_1
 62
    39
  6
CONTINUOUS
 10
-0.798941
 20
0.832509
  0
VERTEX
  8
LAYER_1
 62
    39
  6
CONTINUOUS
 10
-0.796210
 20
0.838356
  0
VERTEX
  8
LAYER_1
 62
    39
  6
CONTINUOUS
 10
-0.793505
 20
0.844215
  0
VERTEX
  8
LAYER_1
 62
    39
  6
CONTINUOUS
 10
-0.790828
 20
0.850087
  0
VERTEX
  8
LAYER_1
 62
    39
  6
CONTINUOUS
 10
-0.788178
 20
0.855972
  0
VERTEX
  8
LAYER_1
 62
    39
  6
CONTINUOUS
 10
-0.785555
 20
0.861868
  0
VERTEX
  8
LAYER_1
 62
    39
  6
CONTINUOUS
 10
-0.782959
 20
0.867777
  0
VERTEX
  8
LAYER_1
 62
    39
  6
CONTINUOUS
 10
-0.780391
 20
0.873697
  0
VERTEX
  8
LAYER_1
 62
    39
  6
CONTINUOUS
 10
-0.777850
 20
0.879629
  0
VERTEX
  8
LAYER_1
 62
    39
  6
CONTINUOUS
 10
-0.775336
 20
0.885573
  0
VERTEX
  8
LAYER_1
 62
    39
  6
CONTINUOUS
 10
-0.772850
 20
0.891529
  0
VERTEX
  8
LAYER_1
 62
    39
  6
CONTINUOUS
 10
-0.770391
 20
0.897495
  0
VERTEX
  8
LAYER_1
 62
    39
  6
CONTINUOUS
 10
-0.767959
 20
0.903473
  0
VERTEX
  8
LAYER_1
 62
    39
  6
CONTINUOUS
 10
-0.765556
 20
0.909463
  0
VERTEX
  8
LAYER_1
 62
    39
  6
CONTINUOUS
 10
-0.763180
 20
0.915463
  0
VERTEX
  8
LAYER_1
 62
    39
  6
CONTINUOUS
 10
-0.760831
 20
0.921474
  0
VERTEX
  8
LAYER_1
 62
    39
  6
CONTINUOUS
 10
-0.758510
 20
0.927496
  0
VERTEX
  8
LAYER_1
 62
    39
  6
CONTINUOUS
 10
-0.756217
 20
0.933528
  0
VERTEX
  8
LAYER_1
 62
    39
  6
CONTINUOUS
 10
-0.753952
 20
0.939571
  0
VERTEX
  8
LAYER_1
 62
    39
  6
CONTINUOUS
 10
-0.751715
 20
0.945625
  0
VERTEX
  8
LAYER_1
 62
    39
  6
CONTINUOUS
 10
-0.749506
 20
0.951688
  0
VERTEX
  8
LAYER_1
 62
    39
  6
CONTINUOUS
 10
-0.747325
 20
0.957762
  0
VERTEX
  8
LAYER_1
 62
    39
  6
CONTINUOUS
 10
-0.745171
 20
0.963846
  0
VERTEX
  8
LAYER_1
 62
    39
  6
CONTINUOUS
 10
-0.743046
 20
0.969939
  0
VERTEX
  8
LAYER_1
 62
    39
  6
CONTINUOUS
 10
-0.740949
 20
0.976043
  0
VERTEX
  8
LAYER_1
 62
    39
  6
CONTINUOUS
 10
-0.738880
 20
0.982155
  0
VERTEX
  8
LAYER_1
 62
    39
  6
CONTINUOUS
 10
-0.736839
 20
0.988278
  0
VERTEX
  8
LAYER_1
 62
    39
  6
CONTINUOUS
 10
-0.734827
 20
0.994410
  0
VERTEX
  8
LAYER_1
 62
    39
  6
CONTINUOUS
 10
-0.732843
 20
1.000550
  0
VERTEX
  8
LAYER_1
 62
    39
  6
CONTINUOUS
 10
-0.730887
 20
1.006701
  0
VERTEX
  8
LAYER_1
 62
    39
  6
CONTINUOUS
 10
-0.728959
 20
1.012859
  0
VERTEX
  8
LAYER_1
 62
    39
  6
CONTINUOUS
 10
-0.727060
 20
1.019027
  0
VERTEX
  8
LAYER_1
 62
    39
  6
CONTINUOUS
 10
-0.725189
 20
1.025204
  0
VERTEX
  8
LAYER_1
 62
    39
  6
CONTINUOUS
 10
-0.723347
 20
1.031389
  0
VERTEX
  8
LAYER_1
 62
    39
  6
CONTINUOUS
 10
-0.721534
 20
1.037582
  0
VERTEX
  8
LAYER_1
 62
    39
  6
CONTINUOUS
 10
-0.719748
 20
1.043784
  0
VERTEX
  8
LAYER_1
 62
    39
  6
CONTINUOUS
 10
-0.717992
 20
1.049994
  0
VERTEX
  8
LAYER_1
 62
    39
  6
CONTINUOUS
 10
-0.716264
 20
1.056212
  0
VERTEX
  8
LAYER_1
 62
    39
  6
CONTINUOUS
 10
-0.714565
 20
1.062438
  0
VERTEX
  8
LAYER_1
 62
    39
  6
CONTINUOUS
 10
-0.712895
 20
1.068671
  0
VERTEX
  8
LAYER_1
 62
    39
  6
CONTINUOUS
 10
-0.711253
 20
1.074913
  0
VERTEX
  8
LAYER_1
 62
    39
  6
CONTINUOUS
 10
-0.709640
 20
1.081161
  0
VERTEX
  8
LAYER_1
 62
    39
  6
CONTINUOUS
 10
-0.708056
 20
1.087418
  0
VERTEX
  8
LAYER_1
 62
    39
  6
CONTINUOUS
 10
-0.706501
 20
1.093681
  0
VERTEX
  8
LAYER_1
 62
    39
  6
CONTINUOUS
 10
-0.704975
 20
1.099951
  0
VERTEX
  8
LAYER_1
 62
    39
  6
CONTINUOUS
 10
-0.703477
 20
1.106229
  0
VERTEX
  8
LAYER_1
 62
    39
  6
CONTINUOUS
 10
-0.702009
 20
1.112513
  0
VERTEX
  8
LAYER_1
 62
    39
  6
CONTINUOUS
 10
-0.700569
 20
1.118804
  0
VERTEX
  8
LAYER_1
 62
    39
  6
CONTINUOUS
 10
-0.699159
 20
1.125102
  0
VERTEX
  8
LAYER_1
 62
    39
  6
CONTINUOUS
 10
-0.697777
 20
1.131406
  0
VERTEX
  8
LAYER_1
 62
    39
  6
CONTINUOUS
 10
-0.696425
 20
1.137716
  0
VERTEX
  8
LAYER_1
 62
    39
  6
CONTINUOUS
 10
-0.695102
 20
1.144032
  0
VERTEX
  8
LAYER_1
 62
    39
  6
CONTINUOUS
 10
-0.693808
 20
1.150355
  0
VERTEX
  8
LAYER_1
 62
    39
  6
CONTINUOUS
 10
-0.692543
 20
1.156683
  0
VERTEX
  8
LAYER_1
 62
    39
  6
CONTINUOUS
 10
-0.691307
 20
1.163017
  0
VERTEX
  8
LAYER_1
 62
    39
  6
CONTINUOUS
 10
-0.690101
 20
1.169357
  0
VERTEX
  8
LAYER_1
 62
    39
  6
CONTINUOUS
 10
-0.688923
 20
1.175702
  0
VERTEX
  8
LAYER_1
 62
    39
  6
CONTINUOUS
 10
-0.687775
 20
1.182053
  0
VERTEX
  8
LAYER_1
 62
    39
  6
CONTINUOUS
 10
-0.686657
 20
1.188409
  0
VERTEX
  8
LAYER_1
 62
    39
  6
CONTINUOUS
 10
-0.685567
 20
1.194770
  0
VERTEX
  8
LAYER_1
 62
    39
  6
CONTINUOUS
 10
-0.684507
 20
1.201136
  0
VERTEX
  8
LAYER_1
 62
    39
  6
CONTINUOUS
 10
-0.683476
 20
1.207506
  0
VERTEX
  8
LAYER_1
 62
    39
  6
CONTINUOUS
 10
-0.682475
 20
1.213882
  0
VERTEX
  8
LAYER_1
 62
    39
  6
CONTINUOUS
 10
-0.681503
 20
1.220262
  0
VERTEX
  8
LAYER_1
 62
    39
  6
CONTINUOUS
 10
-0.680560
 20
1.226646
  0
VERTEX
  8
LAYER_1
 62
    39
  6
CONTINUOUS
 10
-0.679647
 20
1.233035
  0
VERTEX
  8
LAYER_1
 62
    39
  6
CONTINUOUS
 10
-0.678764
 20
1.239427
  0
VERTEX
  8
LAYER_1
 62
    39
  6
CONTINUOUS
 10
-0.677909
 20
1.245824
  0
VERTEX
  8
LAYER_1
 62
    39
  6
CONTINUOUS
 10
-0.677085
 20
1.252225
  0
VERTEX
  8
LAYER_1
 62
    39
  6
CONTINUOUS
 10
-0.676290
 20
1.258629
  0
VERTEX
  8
LAYER_1
 62
    39
  6
CONTINUOUS
 10
-0.675524
 20
1.265037
  0
VERTEX
  8
LAYER_1
 62
    39
  6
CONTINUOUS
 10
-0.674788
 20
1.271449
  0
VERTEX
  8
LAYER_1
 62
    39
  6
CONTINUOUS
 10
-0.674081
 20
1.277863
  0
VERTEX
  8
LAYER_1
 62
    39
  6
CONTINUOUS
 10
-0.673404
 20
1.284281
  0
VERTEX
  8
LAYER_1
 62
    39
  6
CONTINUOUS
 10
-0.672757
 20
1.290702
  0
VERTEX
  8
LAYER_1
 62
    39
  6
CONTINUOUS
 10
-0.672139
 20
1.297126
  0
VERTEX
  8
LAYER_1
 62
    39
  6
CONTINUOUS
 10
-0.671551
 20
1.303553
  0
VERTEX
  8
LAYER_1
 62
    39
  6
CONTINUOUS
 10
-0.670993
 20
1.309982
  0
VERTEX
  8
LAYER_1
 62
    39
  6
CONTINUOUS
 10
-0.670464
 20
1.316414
  0
VERTEX
  8
LAYER_1
 62
    39
  6
CONTINUOUS
 10
-0.669965
 20
1.322848
  0
VERTEX
  8
LAYER_1
 62
    39
  6
CONTINUOUS
 10
-0.669495
 20
1.329285
  0
VERTEX
  8
LAYER_1
 62
    39
  6
CONTINUOUS
 10
-0.669055
 20
1.335723
  0
VERTEX
  8
LAYER_1
 62
    39
  6
CONTINUOUS
 10
-0.668645
 20
1.342164
  0
VERTEX
  8
LAYER_1
 62
    39
  6
CONTINUOUS
 10
-0.668265
 20
1.348606
  0
VERTEX
  8
LAYER_1
 62
    39
  6
CONTINUOUS
 10
-0.667914
 20
1.355050
  0
VERTEX
  8
LAYER_1
 62
    39
  6
CONTINUOUS
 10
-0.667593
 20
1.361496
  0
VERTEX
  8
LAYER_1
 62
    39
  6
CONTINUOUS
 10
-0.667301
 20
1.367943
  0
VERTEX
  8
LAYER_1
 62
    39
  6
CONTINUOUS
 10
-0.667040
 20
1.374391
  0
VERTEX
  8
LAYER_1
 62
    39
  6
CONTINUOUS
 10
-0.666808
 20
1.380840
  0
VERTEX
  8
LAYER_1
 62
    39
  6
CONTINUOUS
 10
-0.666606
 20
1.387291
  0
VERTEX
  8
LAYER_1
 62
    39
  6
CONTINUOUS
 10
-0.666433
 20
1.393742
  0
VERTEX
  8
LAYER_1
 62
    39
  6
CONTINUOUS
 10
-0.666290
 20
1.400194
  0
VERTEX
  8
LAYER_1
 62
    39
  6
CONTINUOUS
 10
-0.666177
 20
1.406646
  0
VERTEX
  8
LAYER_1
 62
    39
  6
CONTINUOUS
 10
-0.666094
 20
1.413099
  0
VERTEX
  8
LAYER_1
 62
    39
  6
CONTINUOUS
 10
-0.666041
 20
1.419553
  0
VERTEX
  8
LAYER_1
 62
    39
  6
CONTINUOUS
 10
-0.666017
 20
1.426006
  0
SEQEND
  8
0
  0
LINE
  8
LAYER_1
 62
    39
  6
CONTINUOUS
 10
-0.666016
 20
1.427925
 11
-0.666016
 21
1.427925
  0
POLYLINE
  8
LAYER_1
 62
    39
  6
CONTINUOUS
 66
     1
 40
0.003000
 41
0.003000
 70
     1
  0
VERTEX
  8
LAYER_1
 62
    39
  6
CONTINUOUS
 10
-1.996016
 20
3.140728
  0
VERTEX
  8
LAYER_1
 62
    39
  6
CONTINUOUS
 10
-1.996019
 20
3.141471
  0
VERTEX
  8
LAYER_1
 62
    39
  6
CONTINUOUS
 10
-1.996030
 20
3.142214
  0
VERTEX
  8
LAYER_1
 62
    39
  6
CONTINUOUS
 10
-1.996049
 20
3.142956
  0
VERTEX
  8
LAYER_1
 62
    39
  6
CONTINUOUS
 10
-1.996075
 20
3.143699
  0
VERTEX
  8
LAYER_1
 62
    39
  6
CONTINUOUS
 10
-1.996110
 20
3.144441
  0
VERTEX
  8
LAYER_1
 62
    39
  6
CONTINUOUS
 10
-1.996152
 20
3.145183
  0
VERTEX
  8
LAYER_1
 62
    39
  6
CONTINUOUS
 10
-1.996203
 20
3.145924
  0
VERTEX
  8
LAYER_1
 62
    39
  6
CONTINUOUS
 10
-1.996261
 20
3.146665
  0
VERTEX
  8
LAYER_1
 62
    39
  6
CONTINUOUS
 10
-1.996327
 20
3.147405
  0
VERTEX
  8
LAYER_1
 62
    39
  6
CONTINUOUS
 10
-1.996401
 20
3.148144
  0
VERTEX
  8
LAYER_1
 62
    39
  6
CONTINUOUS
 10
-1.996483
 20
3.148882
  0
VERTEX
  8
LAYER_1
 62
    39
  6
CONTINUOUS
 10
-1.996572
 20
3.149620
  0
VERTEX
  8
LAYER_1
 62
    39
  6
CONTINUOUS
 10
-1.996670
 20
3.150356
  0
VERTEX
  8
LAYER_1
 62
    39
  6
CONTINUOUS
 10
-1.996775
 20
3.151092
  0
VERTEX
  8
LAYER_1
 62
    39
  6
CONTINUOUS
 10
-1.996888
 20
3.151826
  0
VERTEX
  8
LAYER_1
 62
    39
  6
CONTINUOUS
 10
-1.997009
 20
3.152559
  0
VERTEX
  8
LAYER_1
 62
    39
  6
CONTINUOUS
 10
-1.997137
 20
3.153291
  0
VERTEX
  8
LAYER_1
 62
    39
  6
CONTINUOUS
 10
-1.997273
 20
3.154021
  0
VERTEX
  8
LAYER_1
 62
    39
  6
CONTINUOUS
 10
-1.997418
 20
3.154750
  0
VERTEX
  8
LAYER_1
 62
    39
  6
CONTINUOUS
 10
-1.997569
 20
3.155477
  0
VERTEX
  8
LAYER_1
 62
    39
  6
CONTINUOUS
 10
-1.997729
 20
3.156203
  0
VERTEX
  8
LAYER_1
 62
    39
  6
CONTINUOUS
 10
-1.997896
 20
3.156926
  0
VERTEX
  8
LAYER_1
 62
    39
  6
CONTINUOUS
 10
-1.998071
 20
3.157649
  0
VERTEX
  8
LAYER_1
 62
    39
  6
CONTINUOUS
 10
-1.998253
 20
3.158369
  0
VERTEX
  8
LAYER_1
 62
    39
  6
CONTINUOUS
 10
-1.998444
 20
3.159087
  0
VERTEX
  8
LAYER_1
 62
    39
  6
CONTINUOUS
 10
-1.998641
 20
3.159803
  0
VERTEX
  8
LAYER_1
 62
    39
  6
CONTINUOUS
 10
-1.998847
 20
3.160517
  0
VERTEX
  8
LAYER_1
 62
    39
  6
CONTINUOUS
 10
-1.999060
 20
3.161229
  0
VERTEX
  8
LAYER_1
 62
    39
  6
CONTINUOUS
 10
-1.999280
 20
3.161938
  0
VERTEX
  8
LAYER_1
 62
    39
  6
CONTINUOUS
 10
-1.999508
 20
3.162645
  0
VERTEX
  8
LAYER_1
 62
    39
  6
CONTINUOUS
 10
-1.999744
 20
3.163350
  0
VERTEX
  8
LAYER_1
 62
    39
  6
CONTINUOUS
 10
-1.999986
 20
3.164052
  0
VERTEX
  8
LAYER_1
 62
    39
  6
CONTINUOUS
 10
-2.000237
 20
3.164751
  0
VERTEX
  8
LAYER_1
 62
    39
  6
CONTINUOUS
 10
-2.000495
 20
3.165448
  0
VERTEX
  8
LAYER_1
 62
    39
  6
CONTINUOUS
 10
-2.000760
 20
3.166142
  0
VERTEX
  8
LAYER_1
 62
    39
  6
CONTINUOUS
 10
-2.001032
 20
3.166833
  0
VERTEX
  8
LAYER_1
 62
    39
  6
CONTINUOUS
 10
-2.001312
 20
3.167521
  0
VERTEX
  8
LAYER_1
 62
    39
  6
CONTINUOUS
 10
-2.001599
 20
3.168207
  0
VERTEX
  8
LAYER_1
 62
    39
  6
CONTINUOUS
 10
-2.001894
 20
3.168889
  0
VERTEX
  8
LAYER_1
 62
    39
  6
CONTINUOUS
 10
-2.002195
 20
3.169568
  0
VERTEX
  8
LAYER_1
 62
    39
  6
CONTINUOUS
 10
-2.002504
 20
3.170243
  0
VERTEX
  8
LAYER_1
 62
    39
  6
CONTINUOUS
 10
-2.002820
 20
3.170916
  0
VERTEX
  8
LAYER_1
 62
    39
  6
CONTINUOUS
 10
-2.003143
 20
3.171585
  0
VERTEX
  8
LAYER_1
 62
    39
  6
CONTINUOUS
 10
-2.003473
 20
3.172250
  0
VERTEX
  8
LAYER_1
 62
    39
  6
CONTINUOUS
 10
-2.003810
 20
3.172912
  0
VERTEX
  8
LAYER_1
 62
    39
  6
CONTINUOUS
 10
-2.004155
 20
3.173571
  0
VERTEX
  8
LAYER_1
 62
    39
  6
CONTINUOUS
 10
-2.004506
 20
3.174225
  0
VERTEX
  8
LAYER_1
 62
    39
  6
CONTINUOUS
 10
-2.004864
 20
3.174876
  0
VERTEX
  8
LAYER_1
 62
    39
  6
CONTINUOUS
 10
-2.005229
 20
3.175523
  0
VERTEX
  8
LAYER_1
 62
    39
  6
CONTINUOUS
 10
-2.005601
 20
3.176167
  0
VERTEX
  8
LAYER_1
 62
    39
  6
CONTINUOUS
 10
-2.005979
 20
3.176806
  0
VERTEX
  8
LAYER_1
 62
    39
  6
CONTINUOUS
 10
-2.006365
 20
3.177441
  0
VERTEX
  8
LAYER_1
 62
    39
  6
CONTINUOUS
 10
-2.006757
 20
3.178072
  0
VERTEX
  8
LAYER_1
 62
    39
  6
CONTINUOUS
 10
-2.007156
 20
3.178699
  0
VERTEX
  8
LAYER_1
 62
    39
  6
CONTINUOUS
 10
-2.007561
 20
3.179321
  0
VERTEX
  8
LAYER_1
 62
    39
  6
CONTINUOUS
 10
-2.007973
 20
3.179939
  0
VERTEX
  8
LAYER_1
 62
    39
  6
CONTINUOUS
 10
-2.008392
 20
3.180553
  0
VERTEX
  8
LAYER_1
 62
    39
  6
CONTINUOUS
 10
-2.008817
 20
3.181163
  0
VERTEX
  8
LAYER_1
 62
    39
  6
CONTINUOUS
 10
-2.009248
 20
3.181767
  0
VERTEX
  8
LAYER_1
 62
    39
  6
CONTINUOUS
 10
-2.009686
 20
3.182368
  0
VERTEX
  8
LAYER_1
 62
    39
  6
CONTINUOUS
 10
-2.010130
 20
3.182963
  0
VERTEX
  8
LAYER_1
 62
    39
  6
CONTINUOUS
 10
-2.010581
 20
3.183554
  0
VERTEX
  8
LAYER_1
 62
    39
  6
CONTINUOUS
 10
-2.011037
 20
3.184140
  0
VERTEX
  8
LAYER_1
 62
    39
  6
CONTINUOUS
 10
-2.011500
 20
3.184721
  0
VERTEX
  8
LAYER_1
 62
    39
  6
CONTINUOUS
 10
-2.011969
 20
3.185297
  0
VERTEX
  8
LAYER_1
 62
    39
  6
CONTINUOUS
 10
-2.012445
 20
3.185868
  0
VERTEX
  8
LAYER_1
 62
    39
  6
CONTINUOUS
 10
-2.012926
 20
3.186434
  0
VERTEX
  8
LAYER_1
 62
    39
  6
CONTINUOUS
 10
-2.013413
 20
3.186995
  0
VERTEX
  8
LAYER_1
 62
    39
  6
CONTINUOUS
 10
-2.013906
 20
3.187550
  0
VERTEX
  8
LAYER_1
 62
    39
  6
CONTINUOUS
 10
-2.014405
 20
3.188101
  0
VERTEX
  8
LAYER_1
 62
    39
  6
CONTINUOUS
 10
-2.014910
 20
3.188646
  0
VERTEX
  8
LAYER_1
 62
    39
  6
CONTINUOUS
 10
-2.015420
 20
3.189186
  0
VERTEX
  8
LAYER_1
 62
    39
  6
CONTINUOUS
 10
-2.015937
 20
3.189720
  0
VERTEX
  8
LAYER_1
 62
    39
  6
CONTINUOUS
 10
-2.016458
 20
3.190249
  0
VERTEX
  8
LAYER_1
 62
    39
  6
CONTINUOUS
 10
-2.016986
 20
3.190772
  0
VERTEX
  8
LAYER_1
 62
    39
  6
CONTINUOUS
 10
-2.017519
 20
3.191289
  0
VERTEX
  8
LAYER_1
 62
    39
  6
CONTINUOUS
 10
-2.018057
 20
3.191801
  0
VERTEX
  8
LAYER_1
 62
    39
  6
CONTINUOUS
 10
-2.018601
 20
3.192307
  0
VERTEX
  8
LAYER_1
 62
    39
  6
CONTINUOUS
 10
-2.019150
 20
3.192808
  0
VERTEX
  8
LAYER_1
 62
    39
  6
CONTINUOUS
 10
-2.019705
 20
3.193302
  0
VERTEX
  8
LAYER_1
 62
    39
  6
CONTINUOUS
 10
-2.020265
 20
3.193791
  0
VERTEX
  8
LAYER_1
 62
    39
  6
CONTINUOUS
 10
-2.020829
 20
3.194273
  0
VERTEX
  8
LAYER_1
 62
    39
  6
CONTINUOUS
 10
-2.021399
 20
3.194750
  0
VERTEX
  8
LAYER_1
 62
    39
  6
CONTINUOUS
 10
-2.021974
 20
3.195220
  0
VERTEX
  8
LAYER_1
 62
    39
  6
CONTINUOUS
 10
-2.022554
 20
3.195685
  0
VERTEX
  8
LAYER_1
 62
    39
  6
CONTINUOUS
 10
-2.023139
 20
3.196143
  0
VERTEX
  8
LAYER_1
 62
    39
  6
CONTINUOUS
 10
-2.023729
 20
3.196595
  0
VERTEX
  8
LAYER_1
 62
    39
  6
CONTINUOUS
 10
-2.024323
 20
3.197040
  0
VERTEX
  8
LAYER_1
 62
    39
  6
CONTINUOUS
 10
-2.024922
 20
3.197480
  0
VERTEX
  8
LAYER_1
 62
    39
  6
CONTINUOUS
 10
-2.025526
 20
3.197913
  0
VERTEX
  8
LAYER_1
 62
    39
  6
CONTINUOUS
 10
-2.026134
 20
3.198339
  0
VERTEX
  8
LAYER_1
 62
    39
  6
CONTINUOUS
 10
-2.026747
 20
3.198759
  0
VERTEX
  8
LAYER_1
 62
    39
  6
CONTINUOUS
 10
-2.027364
 20
3.199173
  0
VERTEX
  8
LAYER_1
 62
    39
  6
CONTINUOUS
 10
-2.027986
 20
3.199579
  0
VERTEX
  8
LAYER_1
 62
    39
  6
CONTINUOUS
 10
-2.028612
 20
3.199980
  0
VERTEX
  8
LAYER_1
 62
    39
  6
CONTINUOUS
 10
-2.029242
 20
3.200373
  0
VERTEX
  8
LAYER_1
 62
    39
  6
CONTINUOUS
 10
-2.029876
 20
3.200760
  0
VERTEX
  8
LAYER_1
 62
    39
  6
CONTINUOUS
 10
-2.030514
 20
3.201141
  0
VERTEX
  8
LAYER_1
 62
    39
  6
CONTINUOUS
 10
-2.031157
 20
3.201514
  0
VERTEX
  8
LAYER_1
 62
    39
  6
CONTINUOUS
 10
-2.031803
 20
3.201880
  0
VERTEX
  8
LAYER_1
 62
    39
  6
CONTINUOUS
 10
-2.032453
 20
3.202240
  0
VERTEX
  8
LAYER_1
 62
    39
  6
CONTINUOUS
 10
-2.033107
 20
3.202593
  0
VERTEX
  8
LAYER_1
 62
    39
  6
CONTINUOUS
 10
-2.033764
 20
3.202939
  0
VERTEX
  8
LAYER_1
 62
    39
  6
CONTINUOUS
 10
-2.034425
 20
3.203277
  0
VERTEX
  8
LAYER_1
 62
    39
  6
CONTINUOUS
 10
-2.035090
 20
3.203609
  0
VERTEX
  8
LAYER_1
 62
    39
  6
CONTINUOUS
 10
-2.035758
 20
3.203934
  0
VERTEX
  8
LAYER_1
 62
    39
  6
CONTINUOUS
 10
-2.036430
 20
3.204251
  0
VERTEX
  8
LAYER_1
 62
    39
  6
CONTINUOUS
 10
-2.037105
 20
3.204562
  0
VERTEX
  8
LAYER_1
 62
    39
  6
CONTINUOUS
 10
-2.037783
 20
3.204865
  0
VERTEX
  8
LAYER_1
 62
    39
  6
CONTINUOUS
 10
-2.038465
 20
3.205161
  0
VERTEX
  8
LAYER_1
 62
    39
  6
CONTINUOUS
 10
-2.039149
 20
3.205450
  0
VERTEX
  8
LAYER_1
 62
    39
  6
CONTINUOUS
 10
-2.039837
 20
3.205731
  0
VERTEX
  8
LAYER_1
 62
    39
  6
CONTINUOUS
 10
-2.040527
 20
3.206006
  0
VERTEX
  8
LAYER_1
 62
    39
  6
CONTINUOUS
 10
-2.041220
 20
3.206272
  0
VERTEX
  8
LAYER_1
 62
    39
  6
CONTINUOUS
 10
-2.041917
 20
3.206532
  0
VERTEX
  8
LAYER_1
 62
    39
  6
CONTINUOUS
 10
-2.042615
 20
3.206784
  0
VERTEX
  8
LAYER_1
 62
    39
  6
CONTINUOUS
 10
-2.043317
 20
3.207029
  0
VERTEX
  8
LAYER_1
 62
    39
  6
CONTINUOUS
 10
-2.044021
 20
3.207266
  0
VERTEX
  8
LAYER_1
 62
    39
  6
CONTINUOUS
 10
-2.044727
 20
3.207495
  0
VERTEX
  8
LAYER_1
 62
    39
  6
CONTINUOUS
 10
-2.045436
 20
3.207718
  0
VERTEX
  8
LAYER_1
 62
    39
  6
CONTINUOUS
 10
-2.046148
 20
3.207932
  0
VERTEX
  8
LAYER_1
 62
    39
  6
CONTINUOUS
 10
-2.046861
 20
3.208139
  0
VERTEX
  8
LAYER_1
 62
    39
  6
CONTINUOUS
 10
-2.047577
 20
3.208339
  0
VERTEX
  8
LAYER_1
 62
    39
  6
CONTINUOUS
 10
-2.048294
 20
3.208531
  0
VERTEX
  8
LAYER_1
 62
    39
  6
CONTINUOUS
 10
-2.049014
 20
3.208715
  0
VERTEX
  8
LAYER_1
 62
    39
  6
CONTINUOUS
 10
-2.049736
 20
3.208892
  0
VERTEX
  8
LAYER_1
 62
    39
  6
CONTINUOUS
 10
-2.050459
 20
3.209061
  0
VERTEX
  8
LAYER_1
 62
    39
  6
CONTINUOUS
 10
-2.051184
 20
3.209222
  0
VERTEX
  8
LAYER_1
 62
    39
  6
CONTINUOUS
 10
-2.051911
 20
3.209375
  0
VERTEX
  8
LAYER_1
 62
    39
  6
CONTINUOUS
 10
-2.052640
 20
3.209521
  0
VERTEX
  8
LAYER_1
 62
    39
  6
CONTINUOUS
 10
-2.053370
 20
3.209659
  0
VERTEX
  8
LAYER_1
 62
    39
  6
CONTINUOUS
 10
-2.054101
 20
3.209790
  0
VERTEX
  8
LAYER_1
 62
    39
  6
CONTINUOUS
 10
-2.054834
 20
3.209912
  0
VERTEX
  8
LAYER_1
 62
    39
  6
CONTINUOUS
 10
-2.055568
 20
3.210027
  0
VERTEX
  8
LAYER_1
 62
    39
  6
CONTINUOUS
 10
-2.056303
 20
3.210134
  0
VERTEX
  8
LAYER_1
 62
    39
  6
CONTINUOUS
 10
-2.057039
 20
3.210233
  0
VERTEX
  8
LAYER_1
 62
    39
  6
CONTINUOUS
 10
-2.057777
 20
3.210324
  0
VERTEX
  8
LAYER_1
 62
    39
  6
CONTINUOUS
 10
-2.058515
 20
3.210408
  0
VERTEX
  8
LAYER_1
 62
    39
  6
CONTINUOUS
 10
-2.059254
 20
3.210484
  0
VERTEX
  8
LAYER_1
 62
    39
  6
CONTINUOUS
 10
-2.059994
 20
3.210551
  0
VERTEX
  8
LAYER_1
 62
    39
  6
CONTINUOUS
 10
-2.060734
 20
3.210611
  0
VERTEX
  8
LAYER_1
 62
    39
  6
CONTINUOUS
 10
-2.061475
 20
3.210664
  0
VERTEX
  8
LAYER_1
 62
    39
  6
CONTINUOUS
 10
-2.062217
 20
3.210708
  0
VERTEX
  8
LAYER_1
 62
    39
  6
CONTINUOUS
 10
-2.062959
 20
3.210744
  0
VERTEX
  8
LAYER_1
 62
    39
  6
CONTINUOUS
 10
-2.063701
 20
3.210773
  0
VERTEX
  8
LAYER_1
 62
    39
  6
CONTINUOUS
 10
-2.064444
 20
3.210793
  0
VERTEX
  8
LAYER_1
 62
    39
  6
CONTINUOUS
 10
-2.065187
 20
3.210806
  0
VERTEX
  8
LAYER_1
 62
    39
  6
CONTINUOUS
 10
-2.065930
 20
3.210811
  0
VERTEX
  8
LAYER_1
 62
    39
  6
CONTINUOUS
 10
-2.066672
 20
3.210808
  0
VERTEX
  8
LAYER_1
 62
    39
  6
CONTINUOUS
 10
-2.067415
 20
3.210797
  0
VERTEX
  8
LAYER_1
 62
    39
  6
CONTINUOUS
 10
-2.068158
 20
3.210778
  0
VERTEX
  8
LAYER_1
 62
    39
  6
CONTINUOUS
 10
-2.068900
 20
3.210752
  0
VERTEX
  8
LAYER_1
 62
    39
  6
CONTINUOUS
 10
-2.069643
 20
3.210717
  0
VERTEX
  8
LAYER_1
 62
    39
  6
CONTINUOUS
 10
-2.070384
 20
3.210675
  0
VERTEX
  8
LAYER_1
 62
    39
  6
CONTINUOUS
 10
-2.071125
 20
3.210624
  0
VERTEX
  8
LAYER_1
 62
    39
  6
CONTINUOUS
 10
-2.071866
 20
3.210566
  0
VERTEX
  8
LAYER_1
 62
    39
  6
CONTINUOUS
 10
-2.072606
 20
3.210500
  0
VERTEX
  8
LAYER_1
 62
    39
  6
CONTINUOUS
 10
-2.073345
 20
3.210426
  0
VERTEX
  8
LAYER_1
 62
    39
  6
CONTINUOUS
 10
-2.074084
 20
3.210345
  0
VERTEX
  8
LAYER_1
 62
    39
  6
CONTINUOUS
 10
-2.074821
 20
3.210255
  0
VERTEX
  8
LAYER_1
 62
    39
  6
CONTINUOUS
 10
-2.075558
 20
3.210158
  0
VERTEX
  8
LAYER_1
 62
    39
  6
CONTINUOUS
 10
-2.076293
 20
3.210052
  0
VERTEX
  8
LAYER_1
 62
    39
  6
CONTINUOUS
 10
-2.077027
 20
3.209939
  0
VERTEX
  8
LAYER_1
 62
    39
  6
CONTINUOUS
 10
-2.077760
 20
3.209819
  0
VERTEX
  8
LAYER_1
 62
    39
  6
CONTINUOUS
 10
-2.078492
 20
3.209690
  0
VERTEX
  8
LAYER_1
 62
    39
  6
CONTINUOUS
 10
-2.079223
 20
3.209554
  0
VERTEX
  8
LAYER_1
 62
    39
  6
CONTINUOUS
 10
-2.079951
 20
3.209410
  0
VERTEX
  8
LAYER_1
 62
    39
  6
CONTINUOUS
 10
-2.080679
 20
3.209258
  0
VERTEX
  8
LAYER_1
 62
    39
  6
CONTINUOUS
 10
-2.081404
 20
3.209099
  0
VERTEX
  8
LAYER_1
 62
    39
  6
CONTINUOUS
 10
-2.082128
 20
3.208931
  0
VERTEX
  8
LAYER_1
 62
    39
  6
CONTINUOUS
 10
-2.082850
 20
3.208757
  0
VERTEX
  8
LAYER_1
 62
    39
  6
CONTINUOUS
 10
-2.083570
 20
3.208574
  0
VERTEX
  8
LAYER_1
 62
    39
  6
CONTINUOUS
 10
-2.084288
 20
3.208384
  0
VERTEX
  8
LAYER_1
 62
    39
  6
CONTINUOUS
 10
-2.085005
 20
3.208186
  0
VERTEX
  8
LAYER_1
 62
    39
  6
CONTINUOUS
 10
-2.085719
 20
3.207981
  0
VERTEX
  8
LAYER_1
 62
    39
  6
CONTINUOUS
 10
-2.086430
 20
3.207768
  0
VERTEX
  8
LAYER_1
 62
    39
  6
CONTINUOUS
 10
-2.087140
 20
3.207548
  0
VERTEX
  8
LAYER_1
 62
    39
  6
CONTINUOUS
 10
-2.087847
 20
3.207320
  0
VERTEX
  8
LAYER_1
 62
    39
  6
CONTINUOUS
 10
-2.088551
 20
3.207084
  0
VERTEX
  8
LAYER_1
 62
    39
  6
CONTINUOUS
 10
-2.089254
 20
3.206841
  0
VERTEX
  8
LAYER_1
 62
    39
  6
CONTINUOUS
 10
-2.089953
 20
3.206591
  0
VERTEX
  8
LAYER_1
 62
    39
  6
CONTINUOUS
 10
-2.090650
 20
3.206333
  0
VERTEX
  8
LAYER_1
 62
    39
  6
CONTINUOUS
 10
-2.091344
 20
3.206068
  0
VERTEX
  8
LAYER_1
 62
    39
  6
CONTINUOUS
 10
-2.092035
 20
3.205796
  0
VERTEX
  8
LAYER_1
 62
    39
  6
CONTINUOUS
 10
-2.092723
 20
3.205516
  0
VERTEX
  8
LAYER_1
 62
    39
  6
CONTINUOUS
 10
-2.093408
 20
3.205229
  0
VERTEX
  8
LAYER_1
 62
    39
  6
CONTINUOUS
 10
-2.094090
 20
3.204934
  0
VERTEX
  8
LAYER_1
 62
    39
  6
CONTINUOUS
 10
-2.094769
 20
3.204633
  0
VERTEX
  8
LAYER_1
 62
    39
  6
CONTINUOUS
 10
-2.095445
 20
3.204324
  0
VERTEX
  8
LAYER_1
 62
    39
  6
CONTINUOUS
 10
-2.096118
 20
3.204008
  0
VERTEX
  8
LAYER_1
 62
    39
  6
CONTINUOUS
 10
-2.096787
 20
3.203685
  0
VERTEX
  8
LAYER_1
 62
    39
  6
CONTINUOUS
 10
-2.097452
 20
3.203355
  0
VERTEX
  8
LAYER_1
 62
    39
  6
CONTINUOUS
 10
-2.098114
 20
3.203018
  0
VERTEX
  8
LAYER_1
 62
    39
  6
CONTINUOUS
 10
-2.098773
 20
3.202674
  0
VERTEX
  8
LAYER_1
 62
    39
  6
CONTINUOUS
 10
-2.099427
 20
3.202323
  0
VERTEX
  8
LAYER_1
 62
    39
  6
CONTINUOUS
 10
-2.100078
 20
3.201965
  0
VERTEX
  8
LAYER_1
 62
    39
  6
CONTINUOUS
 10
-2.100725
 20
3.201600
  0
VERTEX
  8
LAYER_1
 62
    39
  6
CONTINUOUS
 10
-2.101368
 20
3.201228
  0
VERTEX
  8
LAYER_1
 62
    39
  6
CONTINUOUS
 10
-2.102008
 20
3.200849
  0
VERTEX
  8
LAYER_1
 62
    39
  6
CONTINUOUS
 10
-2.102643
 20
3.200464
  0
VERTEX
  8
LAYER_1
 62
    39
  6
CONTINUOUS
 10
-2.103274
 20
3.200072
  0
VERTEX
  8
LAYER_1
 62
    39
  6
CONTINUOUS
 10
-2.103901
 20
3.199673
  0
VERTEX
  8
LAYER_1
 62
    39
  6
CONTINUOUS
 10
-2.104523
 20
3.199268
  0
VERTEX
  8
LAYER_1
 62
    39
  6
CONTINUOUS
 10
-2.105142
 20
3.198856
  0
VERTEX
  8
LAYER_1
 62
    39
  6
CONTINUOUS
 10
-2.105755
 20
3.198437
  0
VERTEX
  8
LAYER_1
 62
    39
  6
CONTINUOUS
 10
-2.106365
 20
3.198012
  0
VERTEX
  8
LAYER_1
 62
    39
  6
CONTINUOUS
 10
-2.106969
 20
3.197581
  0
VERTEX
  8
LAYER_1
 62
    39
  6
CONTINUOUS
 10
-2.107570
 20
3.197143
  0
VERTEX
  8
LAYER_1
 62
    39
  6
CONTINUOUS
 10
-2.108165
 20
3.196699
  0
VERTEX
  8
LAYER_1
 62
    39
  6
CONTINUOUS
 10
-2.108756
 20
3.196248
  0
VERTEX
  8
LAYER_1
 62
    39
  6
CONTINUOUS
 10
-2.109342
 20
3.195791
  0
VERTEX
  8
LAYER_1
 62
    39
  6
CONTINUOUS
 10
-2.109923
 20
3.195329
  0
VERTEX
  8
LAYER_1
 62
    39
  6
CONTINUOUS
 10
-2.110499
 20
3.194859
  0
VERTEX
  8
LAYER_1
 62
    39
  6
CONTINUOUS
 10
-2.111070
 20
3.194384
  0
VERTEX
  8
LAYER_1
 62
    39
  6
CONTINUOUS
 10
-2.111636
 20
3.193903
  0
VERTEX
  8
LAYER_1
 62
    39
  6
CONTINUOUS
 10
-2.112197
 20
3.193416
  0
VERTEX
  8
LAYER_1
 62
    39
  6
CONTINUOUS
 10
-2.112753
 20
3.192923
  0
VERTEX
  8
LAYER_1
 62
    39
  6
CONTINUOUS
 10
-2.113303
 20
3.192424
  0
VERTEX
  8
LAYER_1
 62
    39
  6
CONTINUOUS
 10
-2.113848
 20
3.191919
  0
VERTEX
  8
LAYER_1
 62
    39
  6
CONTINUOUS
 10
-2.114388
 20
3.191409
  0
VERTEX
  8
LAYER_1
 62
    39
  6
CONTINUOUS
 10
-2.114922
 20
3.190892
  0
VERTEX
  8
LAYER_1
 62
    39
  6
CONTINUOUS
 10
-2.115451
 20
3.190371
  0
VERTEX
  8
LAYER_1
 62
    39
  6
CONTINUOUS
 10
-2.115974
 20
3.189843
  0
VERTEX
  8
LAYER_1
 62
    39
  6
CONTINUOUS
 10
-2.116492
 20
3.189310
  0
VERTEX
  8
LAYER_1
 62
    39
  6
CONTINUOUS
 10
-2.117004
 20
3.188772
  0
VERTEX
  8
LAYER_1
 62
    39
  6
CONTINUOUS
 10
-2.117510
 20
3.188228
  0
VERTEX
  8
LAYER_1
 62
    39
  6
CONTINUOUS
 10
-2.118010
 20
3.187679
  0
VERTEX
  8
LAYER_1
 62
    39
  6
CONTINUOUS
 10
-2.118505
 20
3.187124
  0
VERTEX
  8
LAYER_1
 62
    39
  6
CONTINUOUS
 10
-2.118993
 20
3.186565
  0
VERTEX
  8
LAYER_1
 62
    39
  6
CONTINUOUS
 10
-2.119476
 20
3.186000
  0
VERTEX
  8
LAYER_1
 62
    39
  6
CONTINUOUS
 10
-2.119952
 20
3.185430
  0
VERTEX
  8
LAYER_1
 62
    39
  6
CONTINUOUS
 10
-2.120423
 20
3.184855
  0
VERTEX
  8
LAYER_1
 62
    39
  6
CONTINUOUS
 10
-2.120887
 20
3.184275
  0
VERTEX
  8
LAYER_1
 62
    39
  6
CONTINUOUS
 10
-2.121345
 20
3.183690
  0
VERTEX
  8
LAYER_1
 62
    39
  6
CONTINUOUS
 10
-2.121797
 20
3.183101
  0
VERTEX
  8
LAYER_1
 62
    39
  6
CONTINUOUS
 10
-2.122243
 20
3.182506
  0
VERTEX
  8
LAYER_1
 62
    39
  6
CONTINUOUS
 10
-2.122682
 20
3.181907
  0
VERTEX
  8
LAYER_1
 62
    39
  6
CONTINUOUS
 10
-2.123115
 20
3.181303
  0
VERTEX
  8
LAYER_1
 62
    39
  6
CONTINUOUS
 10
-2.123542
 20
3.180695
  0
VERTEX
  8
LAYER_1
 62
    39
  6
CONTINUOUS
 10
-2.123962
 20
3.180082
  0
VERTEX
  8
LAYER_1
 62
    39
  6
CONTINUOUS
 10
-2.124375
 20
3.179465
  0
VERTEX
  8
LAYER_1
 62
    39
  6
CONTINUOUS
 10
-2.124782
 20
3.178844
  0
VERTEX
  8
LAYER_1
 62
    39
  6
CONTINUOUS
 10
-2.125183
 20
3.178218
  0
VERTEX
  8
LAYER_1
 62
    39
  6
CONTINUOUS
 10
-2.125576
 20
3.177588
  0
VERTEX
  8
LAYER_1
 62
    39
  6
CONTINUOUS
 10
-2.125963
 20
3.176954
  0
VERTEX
  8
LAYER_1
 62
    39
  6
CONTINUOUS
 10
-2.126344
 20
3.176315
  0
VERTEX
  8
LAYER_1
 62
    39
  6
CONTINUOUS
 10
-2.126717
 20
3.175673
  0
VERTEX
  8
LAYER_1
 62
    39
  6
CONTINUOUS
 10
-2.127084
 20
3.175027
  0
VERTEX
  8
LAYER_1
 62
    39
  6
CONTINUOUS
 10
-2.127443
 20
3.174377
  0
VERTEX
  8
LAYER_1
 62
    39
  6
CONTINUOUS
 10
-2.127796
 20
3.173723
  0
VERTEX
  8
LAYER_1
 62
    39
  6
CONTINUOUS
 10
-2.128142
 20
3.173065
  0
VERTEX
  8
LAYER_1
 62
    39
  6
CONTINUOUS
 10
-2.128481
 20
3.172404
  0
VERTEX
  8
LAYER_1
 62
    39
  6
CONTINUOUS
 10
-2.128812
 20
3.171740
  0
VERTEX
  8
LAYER_1
 62
    39
  6
CONTINUOUS
 10
-2.129137
 20
3.171071
  0
VERTEX
  8
LAYER_1
 62
    39
  6
CONTINUOUS
 10
-2.129455
 20
3.170400
  0
VERTEX
  8
LAYER_1
 62
    39
  6
CONTINUOUS
 10
-2.129765
 20
3.169725
  0
VERTEX
  8
LAYER_1
 62
    39
  6
CONTINUOUS
 10
-2.130068
 20
3.169047
  0
VERTEX
  8
LAYER_1
 62
    39
  6
CONTINUOUS
 10
-2.130365
 20
3.168365
  0
VERTEX
  8
LAYER_1
 62
    39
  6
CONTINUOUS
 10
-2.130653
 20
3.167681
  0
VERTEX
  8
LAYER_1
 62
    39
  6
CONTINUOUS
 10
-2.130935
 20
3.166993
  0
VERTEX
  8
LAYER_1
 62
    39
  6
CONTINUOUS
 10
-2.131209
 20
3.166303
  0
VERTEX
  8
LAYER_1
 62
    39
  6
CONTINUOUS
 10
-2.131476
 20
3.165609
  0
VERTEX
  8
LAYER_1
 62
    39
  6
CONTINUOUS
 10
-2.131735
 20
3.164913
  0
VERTEX
  8
LAYER_1
 62
    39
  6
CONTINUOUS
 10
-2.131988
 20
3.164214
  0
VERTEX
  8
LAYER_1
 62
    39
  6
CONTINUOUS
 10
-2.132232
 20
3.163513
  0
VERTEX
  8
LAYER_1
 62
    39
  6
CONTINUOUS
 10
-2.132469
 20
3.162809
  0
VERTEX
  8
LAYER_1
 62
    39
  6
CONTINUOUS
 10
-2.132699
 20
3.162102
  0
VERTEX
  8
LAYER_1
 62
    39
  6
CONTINUOUS
 10
-2.132921
 20
3.161394
  0
VERTEX
  8
LAYER_1
 62
    39
  6
CONTINUOUS
 10
-2.133136
 20
3.160682
  0
VERTEX
  8
LAYER_1
 62
    39
  6
CONTINUOUS
 10
-2.133343
 20
3.159969
  0
VERTEX
  8
LAYER_1
 62
    39
  6
CONTINUOUS
 10
-2.133543
 20
3.159253
  0
VERTEX
  8
LAYER_1
 62
    39
  6
CONTINUOUS
 10
-2.133735
 20
3.158536
  0
VERTEX
  8
LAYER_1
 62
    39
  6
CONTINUOUS
 10
-2.133919
 20
3.157816
  0
VERTEX
  8
LAYER_1
 62
    39
  6
CONTINUOUS
 10
-2.134096
 20
3.157094
  0
VERTEX
  8
LAYER_1
 62
    39
  6
CONTINUOUS
 10
-2.134265
 20
3.156371
  0
VERTEX
  8
LAYER_1
 62
    39
  6
CONTINUOUS
 10
-2.134426
 20
3.155646
  0
VERTEX
  8
LAYER_1
 62
    39
  6
CONTINUOUS
 10
-2.134579
 20
3.154919
  0
VERTEX
  8
LAYER_1
 62
    39
  6
CONTINUOUS
 10
-2.134725
 20
3.154190
  0
VERTEX
  8
LAYER_1
 62
    39
  6
CONTINUOUS
 10
-2.134863
 20
3.153460
  0
VERTEX
  8
LAYER_1
 62
    39
  6
CONTINUOUS
 10
-2.134994
 20
3.152729
  0
VERTEX
  8
LAYER_1
 62
    39
  6
CONTINUOUS
 10
-2.135116
 20
3.151996
  0
VERTEX
  8
LAYER_1
 62
    39
  6
CONTINUOUS
 10
-2.135231
 20
3.151262
  0
VERTEX
  8
LAYER_1
 62
    39
  6
CONTINUOUS
 10
-2.135338
 20
3.150527
  0
VERTEX
  8
LAYER_1
 62
    39
  6
CONTINUOUS
 10
-2.135437
 20
3.149791
  0
VERTEX
  8
LAYER_1
 62
    39
  6
CONTINUOUS
 10
-2.135529
 20
3.149053
  0
VERTEX
  8
LAYER_1
 62
    39
  6
CONTINUOUS
 10
-2.135612
 20
3.148315
  0
VERTEX
  8
LAYER_1
 62
    39
  6
CONTINUOUS
 10
-2.135688
 20
3.147576
  0
VERTEX
  8
LAYER_1
 62
    39
  6
CONTINUOUS
 10
-2.135756
 20
3.146836
  0
VERTEX
  8
LAYER_1
 62
    39
  6
CONTINUOUS
 10
-2.135816
 20
3.146096
  0
VERTEX
  8
LAYER_1
 62
    39
  6
CONTINUOUS
 10
-2.135868
 20
3.145355
  0
VERTEX
  8
LAYER_1
 62
    39
  6
CONTINUOUS
 10
-2.135912
 20
3.144613
  0
VERTEX
  8
LAYER_1
 62
    39
  6
CONTINUOUS
 10
-2.135949
 20
3.143871
  0
VERTEX
  8
LAYER_1
 62
    39
  6
CONTINUOUS
 10
-2.135977
 20
3.143129
  0
VERTEX
  8
LAYER_1
 62
    39
  6
CONTINUOUS
 10
-2.135998
 20
3.142386
  0
VERTEX
  8
LAYER_1
 62
    39
  6
CONTINUOUS
 10
-2.136011
 20
3.141643
  0
VERTEX
  8
LAYER_1
 62
    39
  6
CONTINUOUS
 10
-2.136016
 20
3.140900
  0
VERTEX
  8
LAYER_1
 62
    39
  6
CONTINUOUS
 10
-2.136013
 20
3.140158
  0
VERTEX
  8
LAYER_1
 62
    39
  6
CONTINUOUS
 10
-2.136002
 20
3.139415
  0
VERTEX
  8
LAYER_1
 62
    39
  6
CONTINUOUS
 10
-2.135983
 20
3.138672
  0
VERTEX
  8
LAYER_1
 62
    39
  6
CONTINUOUS
 10
-2.135956
 20
3.137930
  0
VERTEX
  8
LAYER_1
 62
    39
  6
CONTINUOUS
 10
-2.135922
 20
3.137187
  0
VERTEX
  8
LAYER_1
 62
    39
  6
CONTINUOUS
 10
-2.135880
 20
3.136446
  0
VERTEX
  8
LAYER_1
 62
    39
  6
CONTINUOUS
 10
-2.135829
 20
3.135705
  0
VERTEX
  8
LAYER_1
 62
    39
  6
CONTINUOUS
 10
-2.135771
 20
3.134964
  0
VERTEX
  8
LAYER_1
 62
    39
  6
CONTINUOUS
 10
-2.135705
 20
3.134224
  0
VERTEX
  8
LAYER_1
 62
    39
  6
CONTINUOUS
 10
-2.135631
 20
3.133485
  0
VERTEX
  8
LAYER_1
 62
    39
  6
CONTINUOUS
 10
-2.135550
 20
3.132746
  0
VERTEX
  8
LAYER_1
 62
    39
  6
CONTINUOUS
 10
-2.135460
 20
3.132009
  0
VERTEX
  8
LAYER_1
 62
    39
  6
CONTINUOUS
 10
-2.135363
 20
3.131272
  0
VERTEX
  8
LAYER_1
 62
    39
  6
CONTINUOUS
 10
-2.135258
 20
3.130537
  0
VERTEX
  8
LAYER_1
 62
    39
  6
CONTINUOUS
 10
-2.135145
 20
3.129803
  0
VERTEX
  8
LAYER_1
 62
    39
  6
CONTINUOUS
 10
-2.135024
 20
3.129069
  0
VERTEX
  8
LAYER_1
 62
    39
  6
CONTINUOUS
 10
-2.134895
 20
3.128338
  0
VERTEX
  8
LAYER_1
 62
    39
  6
CONTINUOUS
 10
-2.134759
 20
3.127607
  0
VERTEX
  8
LAYER_1
 62
    39
  6
CONTINUOUS
 10
-2.134615
 20
3.126879
  0
VERTEX
  8
LAYER_1
 62
    39
  6
CONTINUOUS
 10
-2.134463
 20
3.126151
  0
VERTEX
  8
LAYER_1
 62
    39
  6
CONTINUOUS
 10
-2.134304
 20
3.125426
  0
VERTEX
  8
LAYER_1
 62
    39
  6
CONTINUOUS
 10
-2.134137
 20
3.124702
  0
VERTEX
  8
LAYER_1
 62
    39
  6
CONTINUOUS
 10
-2.133962
 20
3.123980
  0
VERTEX
  8
LAYER_1
 62
    39
  6
CONTINUOUS
 10
-2.133780
 20
3.123260
  0
VERTEX
  8
LAYER_1
 62
    39
  6
CONTINUOUS
 10
-2.133590
 20
3.122541
  0
VERTEX
  8
LAYER_1
 62
    39
  6
CONTINUOUS
 10
-2.133392
 20
3.121825
  0
VERTEX
  8
LAYER_1
 62
    39
  6
CONTINUOUS
 10
-2.133187
 20
3.121111
  0
VERTEX
  8
LAYER_1
 62
    39
  6
CONTINUOUS
 10
-2.132974
 20
3.120400
  0
VERTEX
  8
LAYER_1
 62
    39
  6
CONTINUOUS
 10
-2.132753
 20
3.119690
  0
VERTEX
  8
LAYER_1
 62
    39
  6
CONTINUOUS
 10
-2.132525
 20
3.118983
  0
VERTEX
  8
LAYER_1
 62
    39
  6
CONTINUOUS
 10
-2.132290
 20
3.118278
  0
VERTEX
  8
LAYER_1
 62
    39
  6
CONTINUOUS
 10
-2.132047
 20
3.117576
  0
VERTEX
  8
LAYER_1
 62
    39
  6
CONTINUOUS
 10
-2.131797
 20
3.116877
  0
VERTEX
  8
LAYER_1
 62
    39
  6
CONTINUOUS
 10
-2.131539
 20
3.116180
  0
VERTEX
  8
LAYER_1
 62
    39
  6
CONTINUOUS
 10
-2.131274
 20
3.115486
  0
VERTEX
  8
LAYER_1
 62
    39
  6
CONTINUOUS
 10
-2.131002
 20
3.114795
  0
VERTEX
  8
LAYER_1
 62
    39
  6
CONTINUOUS
 10
-2.130722
 20
3.114107
  0
VERTEX
  8
LAYER_1
 62
    39
  6
CONTINUOUS
 10
-2.130435
 20
3.113421
  0
VERTEX
  8
LAYER_1
 62
    39
  6
CONTINUOUS
 10
-2.130140
 20
3.112739
  0
VERTEX
  8
LAYER_1
 62
    39
  6
CONTINUOUS
 10
-2.129839
 20
3.112060
  0
VERTEX
  8
LAYER_1
 62
    39
  6
CONTINUOUS
 10
-2.129530
 20
3.111385
  0
VERTEX
  8
LAYER_1
 62
    39
  6
CONTINUOUS
 10
-2.129214
 20
3.110712
  0
VERTEX
  8
LAYER_1
 62
    39
  6
CONTINUOUS
 10
-2.128891
 20
3.110043
  0
VERTEX
  8
LAYER_1
 62
    39
  6
CONTINUOUS
 10
-2.128561
 20
3.109378
  0
VERTEX
  8
LAYER_1
 62
    39
  6
CONTINUOUS
 10
-2.128224
 20
3.108716
  0
VERTEX
  8
LAYER_1
 62
    39
  6
CONTINUOUS
 10
-2.127880
 20
3.108057
  0
VERTEX
  8
LAYER_1
 62
    39
  6
CONTINUOUS
 10
-2.127529
 20
3.107402
  0
VERTEX
  8
LAYER_1
 62
    39
  6
CONTINUOUS
 10
-2.127171
 20
3.106751
  0
VERTEX
  8
LAYER_1
 62
    39
  6
CONTINUOUS
 10
-2.126806
 20
3.106104
  0
VERTEX
  8
LAYER_1
 62
    39
  6
CONTINUOUS
 10
-2.126434
 20
3.105461
  0
VERTEX
  8
LAYER_1
 62
    39
  6
CONTINUOUS
 10
-2.126056
 20
3.104822
  0
VERTEX
  8
LAYER_1
 62
    39
  6
CONTINUOUS
 10
-2.125670
 20
3.104187
  0
VERTEX
  8
LAYER_1
 62
    39
  6
CONTINUOUS
 10
-2.125278
 20
3.103556
  0
VERTEX
  8
LAYER_1
 62
    39
  6
CONTINUOUS
 10
-2.124879
 20
3.102929
  0
VERTEX
  8
LAYER_1
 62
    39
  6
CONTINUOUS
 10
-2.124474
 20
3.102306
  0
VERTEX
  8
LAYER_1
 62
    39
  6
CONTINUOUS
 10
-2.124062
 20
3.101688
  0
VERTEX
  8
LAYER_1
 62
    39
  6
CONTINUOUS
 10
-2.123644
 20
3.101074
  0
VERTEX
  8
LAYER_1
 62
    39
  6
CONTINUOUS
 10
-2.123219
 20
3.100465
  0
VERTEX
  8
LAYER_1
 62
    39
  6
CONTINUOUS
 10
-2.122787
 20
3.099860
  0
VERTEX
  8
LAYER_1
 62
    39
  6
CONTINUOUS
 10
-2.122349
 20
3.099260
  0
VERTEX
  8
LAYER_1
 62
    39
  6
CONTINUOUS
 10
-2.121905
 20
3.098664
  0
VERTEX
  8
LAYER_1
 62
    39
  6
CONTINUOUS
 10
-2.121455
 20
3.098073
  0
VERTEX
  8
LAYER_1
 62
    39
  6
CONTINUOUS
 10
-2.120998
 20
3.097487
  0
VERTEX
  8
LAYER_1
 62
    39
  6
CONTINUOUS
 10
-2.120535
 20
3.096906
  0
VERTEX
  8
LAYER_1
 62
    39
  6
CONTINUOUS
 10
-2.120066
 20
3.096330
  0
VERTEX
  8
LAYER_1
 62
    39
  6
CONTINUOUS
 10
-2.119591
 20
3.095759
  0
VERTEX
  8
LAYER_1
 62
    39
  6
CONTINUOUS
 10
-2.119110
 20
3.095193
  0
VERTEX
  8
LAYER_1
 62
    39
  6
CONTINUOUS
 10
-2.118623
 20
3.094632
  0
VERTEX
  8
LAYER_1
 62
    39
  6
CONTINUOUS
 10
-2.118130
 20
3.094076
  0
VERTEX
  8
LAYER_1
 62
    39
  6
CONTINUOUS
 10
-2.117631
 20
3.093526
  0
VERTEX
  8
LAYER_1
 62
    39
  6
CONTINUOUS
 10
-2.117126
 20
3.092981
  0
VERTEX
  8
LAYER_1
 62
    39
  6
CONTINUOUS
 10
-2.116616
 20
3.092441
  0
VERTEX
  8
LAYER_1
 62
    39
  6
CONTINUOUS
 10
-2.116099
 20
3.091907
  0
VERTEX
  8
LAYER_1
 62
    39
  6
CONTINUOUS
 10
-2.115578
 20
3.091378
  0
VERTEX
  8
LAYER_1
 62
    39
  6
CONTINUOUS
 10
-2.115050
 20
3.090855
  0
VERTEX
  8
LAYER_1
 62
    39
  6
CONTINUOUS
 10
-2.114517
 20
3.090337
  0
VERTEX
  8
LAYER_1
 62
    39
  6
CONTINUOUS
 10
-2.113979
 20
3.089825
  0
VERTEX
  8
LAYER_1
 62
    39
  6
CONTINUOUS
 10
-2.113435
 20
3.089319
  0
VERTEX
  8
LAYER_1
 62
    39
  6
CONTINUOUS
 10
-2.112886
 20
3.088819
  0
VERTEX
  8
LAYER_1
 62
    39
  6
CONTINUOUS
 10
-2.112331
 20
3.088324
  0
VERTEX
  8
LAYER_1
 62
    39
  6
CONTINUOUS
 10
-2.111772
 20
3.087836
  0
VERTEX
  8
LAYER_1
 62
    39
  6
CONTINUOUS
 10
-2.111207
 20
3.087353
  0
VERTEX
  8
LAYER_1
 62
    39
  6
CONTINUOUS
 10
-2.110637
 20
3.086876
  0
VERTEX
  8
LAYER_1
 62
    39
  6
CONTINUOUS
 10
-2.110062
 20
3.086406
  0
VERTEX
  8
LAYER_1
 62
    39
  6
CONTINUOUS
 10
-2.109482
 20
3.085942
  0
VERTEX
  8
LAYER_1
 62
    39
  6
CONTINUOUS
 10
-2.108897
 20
3.085483
  0
VERTEX
  8
LAYER_1
 62
    39
  6
CONTINUOUS
 10
-2.108308
 20
3.085031
  0
VERTEX
  8
LAYER_1
 62
    39
  6
CONTINUOUS
 10
-2.107714
 20
3.084586
  0
VERTEX
  8
LAYER_1
 62
    39
  6
CONTINUOUS
 10
-2.107114
 20
3.084146
  0
VERTEX
  8
LAYER_1
 62
    39
  6
CONTINUOUS
 10
-2.106511
 20
3.083713
  0
VERTEX
  8
LAYER_1
 62
    39
  6
CONTINUOUS
 10
-2.105902
 20
3.083287
  0
VERTEX
  8
LAYER_1
 62
    39
  6
CONTINUOUS
 10
-2.105290
 20
3.082867
  0
VERTEX
  8
LAYER_1
 62
    39
  6
CONTINUOUS
 10
-2.104673
 20
3.082453
  0
VERTEX
  8
LAYER_1
 62
    39
  6
CONTINUOUS
 10
-2.104051
 20
3.082046
  0
VERTEX
  8
LAYER_1
 62
    39
  6
CONTINUOUS
 10
-2.103425
 20
3.081646
  0
VERTEX
  8
LAYER_1
 62
    39
  6
CONTINUOUS
 10
-2.102795
 20
3.081252
  0
VERTEX
  8
LAYER_1
 62
    39
  6
CONTINUOUS
 10
-2.102161
 20
3.080865
  0
VERTEX
  8
LAYER_1
 62
    39
  6
CONTINUOUS
 10
-2.101523
 20
3.080485
  0
VERTEX
  8
LAYER_1
 62
    39
  6
CONTINUOUS
 10
-2.100881
 20
3.080111
  0
VERTEX
  8
LAYER_1
 62
    39
  6
CONTINUOUS
 10
-2.100234
 20
3.079745
  0
VERTEX
  8
LAYER_1
 62
    39
  6
CONTINUOUS
 10
-2.099584
 20
3.079385
  0
VERTEX
  8
LAYER_1
 62
    39
  6
CONTINUOUS
 10
-2.098931
 20
3.079032
  0
VERTEX
  8
LAYER_1
 62
    39
  6
CONTINUOUS
 10
-2.098273
 20
3.078686
  0
VERTEX
  8
LAYER_1
 62
    39
  6
CONTINUOUS
 10
-2.097612
 20
3.078348
  0
VERTEX
  8
LAYER_1
 62
    39
  6
CONTINUOUS
 10
-2.096947
 20
3.078016
  0
VERTEX
  8
LAYER_1
 62
    39
  6
CONTINUOUS
 10
-2.096279
 20
3.077691
  0
VERTEX
  8
LAYER_1
 62
    39
  6
CONTINUOUS
 10
-2.095607
 20
3.077373
  0
VERTEX
  8
LAYER_1
 62
    39
  6
CONTINUOUS
 10
-2.094932
 20
3.077063
  0
VERTEX
  8
LAYER_1
 62
    39
  6
CONTINUOUS
 10
-2.094254
 20
3.076760
  0
VERTEX
  8
LAYER_1
 62
    39
  6
CONTINUOUS
 10
-2.093573
 20
3.076464
  0
VERTEX
  8
LAYER_1
 62
    39
  6
CONTINUOUS
 10
-2.092888
 20
3.076175
  0
VERTEX
  8
LAYER_1
 62
    39
  6
CONTINUOUS
 10
-2.092201
 20
3.075893
  0
VERTEX
  8
LAYER_1
 62
    39
  6
CONTINUOUS
 10
-2.091511
 20
3.075619
  0
VERTEX
  8
LAYER_1
 62
    39
  6
CONTINUOUS
 10
-2.090817
 20
3.075352
  0
VERTEX
  8
LAYER_1
 62
    39
  6
CONTINUOUS
 10
-2.090121
 20
3.075092
  0
VERTEX
  8
LAYER_1
 62
    39
  6
CONTINUOUS
 10
-2.089422
 20
3.074840
  0
VERTEX
  8
LAYER_1
 62
    39
  6
CONTINUOUS
 10
-2.088721
 20
3.074596
  0
VERTEX
  8
LAYER_1
 62
    39
  6
CONTINUOUS
 10
-2.088017
 20
3.074358
  0
VERTEX
  8
LAYER_1
 62
    39
  6
CONTINUOUS
 10
-2.087310
 20
3.074129
  0
VERTEX
  8
LAYER_1
 62
    39
  6
CONTINUOUS
 10
-2.086601
 20
3.073906
  0
VERTEX
  8
LAYER_1
 62
    39
  6
CONTINUOUS
 10
-2.085890
 20
3.073692
  0
VERTEX
  8
LAYER_1
 62
    39
  6
CONTINUOUS
 10
-2.085177
 20
3.073485
  0
VERTEX
  8
LAYER_1
 62
    39
  6
CONTINUOUS
 10
-2.084461
 20
3.073285
  0
VERTEX
  8
LAYER_1
 62
    39
  6
CONTINUOUS
 10
-2.083743
 20
3.073093
  0
VERTEX
  8
LAYER_1
 62
    39
  6
CONTINUOUS
 10
-2.083024
 20
3.072909
  0
VERTEX
  8
LAYER_1
 62
    39
  6
CONTINUOUS
 10
-2.082302
 20
3.072732
  0
VERTEX
  8
LAYER_1
 62
    39
  6
CONTINUOUS
 10
-2.081579
 20
3.072563
  0
VERTEX
  8
LAYER_1
 62
    39
  6
CONTINUOUS
 10
-2.080853
 20
3.072402
  0
VERTEX
  8
LAYER_1
 62
    39
  6
CONTINUOUS
 10
-2.080127
 20
3.072248
  0
VERTEX
  8
LAYER_1
 62
    39
  6
CONTINUOUS
 10
-2.079398
 20
3.072102
  0
VERTEX
  8
LAYER_1
 62
    39
  6
CONTINUOUS
 10
-2.078668
 20
3.071964
  0
VERTEX
  8
LAYER_1
 62
    39
  6
CONTINUOUS
 10
-2.077937
 20
3.071834
  0
VERTEX
  8
LAYER_1
 62
    39
  6
CONTINUOUS
 10
-2.077204
 20
3.071711
  0
VERTEX
  8
LAYER_1
 62
    39
  6
CONTINUOUS
 10
-2.076470
 20
3.071596
  0
VERTEX
  8
LAYER_1
 62
    39
  6
CONTINUOUS
 10
-2.075735
 20
3.071489
  0
VERTEX
  8
LAYER_1
 62
    39
  6
CONTINUOUS
 10
-2.074999
 20
3.071390
  0
VERTEX
  8
LAYER_1
 62
    39
  6
CONTINUOUS
 10
-2.074261
 20
3.071298
  0
VERTEX
  8
LAYER_1
 62
    39
  6
CONTINUOUS
 10
-2.073523
 20
3.071215
  0
VERTEX
  8
LAYER_1
 62
    39
  6
CONTINUOUS
 10
-2.072784
 20
3.071139
  0
VERTEX
  8
LAYER_1
 62
    39
  6
CONTINUOUS
 10
-2.072044
 20
3.071071
  0
VERTEX
  8
LAYER_1
 62
    39
  6
CONTINUOUS
 10
-2.071304
 20
3.071011
  0
VERTEX
  8
LAYER_1
 62
    39
  6
CONTINUOUS
 10
-2.070563
 20
3.070959
  0
VERTEX
  8
LAYER_1
 62
    39
  6
CONTINUOUS
 10
-2.069821
 20
3.070915
  0
VERTEX
  8
LAYER_1
 62
    39
  6
CONTINUOUS
 10
-2.069079
 20
3.070878
  0
VERTEX
  8
LAYER_1
 62
    39
  6
CONTINUOUS
 10
-2.068337
 20
3.070850
  0
VERTEX
  8
LAYER_1
 62
    39
  6
CONTINUOUS
 10
-2.067594
 20
3.070829
  0
VERTEX
  8
LAYER_1
 62
    39
  6
CONTINUOUS
 10
-2.066851
 20
3.070816
  0
VERTEX
  8
LAYER_1
 62
    39
  6
CONTINUOUS
 10
-2.066108
 20
3.070811
  0
VERTEX
  8
LAYER_1
 62
    39
  6
CONTINUOUS
 10
-2.065366
 20
3.070814
  0
VERTEX
  8
LAYER_1
 62
    39
  6
CONTINUOUS
 10
-2.064623
 20
3.070825
  0
VERTEX
  8
LAYER_1
 62
    39
  6
CONTINUOUS
 10
-2.063880
 20
3.070844
  0
VERTEX
  8
LAYER_1
 62
    39
  6
CONTINUOUS
 10
-2.063138
 20
3.070870
  0
VERTEX
  8
LAYER_1
 62
    39
  6
CONTINUOUS
 10
-2.062395
 20
3.070905
  0
VERTEX
  8
LAYER_1
 62
    39
  6
CONTINUOUS
 10
-2.061654
 20
3.070947
  0
VERTEX
  8
LAYER_1
 62
    39
  6
CONTINUOUS
 10
-2.060913
 20
3.070997
  0
VERTEX
  8
LAYER_1
 62
    39
  6
CONTINUOUS
 10
-2.060172
 20
3.071055
  0
VERTEX
  8
LAYER_1
 62
    39
  6
CONTINUOUS
 10
-2.059432
 20
3.071121
  0
VERTEX
  8
LAYER_1
 62
    39
  6
CONTINUOUS
 10
-2.058693
 20
3.071195
  0
VERTEX
  8
LAYER_1
 62
    39
  6
CONTINUOUS
 10
-2.057954
 20
3.071277
  0
VERTEX
  8
LAYER_1
 62
    39
  6
CONTINUOUS
 10
-2.057217
 20
3.071366
  0
VERTEX
  8
LAYER_1
 62
    39
  6
CONTINUOUS
 10
-2.056480
 20
3.071464
  0
VERTEX
  8
LAYER_1
 62
    39
  6
CONTINUOUS
 10
-2.055745
 20
3.071569
  0
VERTEX
  8
LAYER_1
 62
    39
  6
CONTINUOUS
 10
-2.055010
 20
3.071682
  0
VERTEX
  8
LAYER_1
 62
    39
  6
CONTINUOUS
 10
-2.054277
 20
3.071802
  0
VERTEX
  8
LAYER_1
 62
    39
  6
CONTINUOUS
 10
-2.053546
 20
3.071931
  0
VERTEX
  8
LAYER_1
 62
    39
  6
CONTINUOUS
 10
-2.052815
 20
3.072067
  0
VERTEX
  8
LAYER_1
 62
    39
  6
CONTINUOUS
 10
-2.052087
 20
3.072211
  0
VERTEX
  8
LAYER_1
 62
    39
  6
CONTINUOUS
 10
-2.051359
 20
3.072363
  0
VERTEX
  8
LAYER_1
 62
    39
  6
CONTINUOUS
 10
-2.050634
 20
3.072522
  0
VERTEX
  8
LAYER_1
 62
    39
  6
CONTINUOUS
 10
-2.049910
 20
3.072689
  0
VERTEX
  8
LAYER_1
 62
    39
  6
CONTINUOUS
 10
-2.049188
 20
3.072864
  0
VERTEX
  8
LAYER_1
 62
    39
  6
CONTINUOUS
 10
-2.048468
 20
3.073046
  0
VERTEX
  8
LAYER_1
 62
    39
  6
CONTINUOUS
 10
-2.047749
 20
3.073236
  0
VERTEX
  8
LAYER_1
 62
    39
  6
CONTINUOUS
 10
-2.047033
 20
3.073434
  0
VERTEX
  8
LAYER_1
 62
    39
  6
CONTINUOUS
 10
-2.046319
 20
3.073639
  0
VERTEX
  8
LAYER_1
 62
    39
  6
CONTINUOUS
 10
-2.045607
 20
3.073852
  0
VERTEX
  8
LAYER_1
 62
    39
  6
CONTINUOUS
 10
-2.044898
 20
3.074072
  0
VERTEX
  8
LAYER_1
 62
    39
  6
CONTINUOUS
 10
-2.044191
 20
3.074300
  0
VERTEX
  8
LAYER_1
 62
    39
  6
CONTINUOUS
 10
-2.043486
 20
3.074536
  0
VERTEX
  8
LAYER_1
 62
    39
  6
CONTINUOUS
 10
-2.042784
 20
3.074779
  0
VERTEX
  8
LAYER_1
 62
    39
  6
CONTINUOUS
 10
-2.042085
 20
3.075029
  0
VERTEX
  8
LAYER_1
 62
    39
  6
CONTINUOUS
 10
-2.041388
 20
3.075287
  0
VERTEX
  8
LAYER_1
 62
    39
  6
CONTINUOUS
 10
-2.040694
 20
3.075552
  0
VERTEX
  8
LAYER_1
 62
    39
  6
CONTINUOUS
 10
-2.040003
 20
3.075824
  0
VERTEX
  8
LAYER_1
 62
    39
  6
CONTINUOUS
 10
-2.039314
 20
3.076104
  0
VERTEX
  8
LAYER_1
 62
    39
  6
CONTINUOUS
 10
-2.038629
 20
3.076391
  0
VERTEX
  8
LAYER_1
 62
    39
  6
CONTINUOUS
 10
-2.037947
 20
3.076685
  0
VERTEX
  8
LAYER_1
 62
    39
  6
CONTINUOUS
 10
-2.037268
 20
3.076987
  0
VERTEX
  8
LAYER_1
 62
    39
  6
CONTINUOUS
 10
-2.036592
 20
3.077295
  0
VERTEX
  8
LAYER_1
 62
    39
  6
CONTINUOUS
 10
-2.035920
 20
3.077611
  0
VERTEX
  8
LAYER_1
 62
    39
  6
CONTINUOUS
 10
-2.035251
 20
3.077934
  0
VERTEX
  8
LAYER_1
 62
    39
  6
CONTINUOUS
 10
-2.034585
 20
3.078264
  0
VERTEX
  8
LAYER_1
 62
    39
  6
CONTINUOUS
 10
-2.033923
 20
3.078601
  0
VERTEX
  8
LAYER_1
 62
    39
  6
CONTINUOUS
 10
-2.033265
 20
3.078945
  0
VERTEX
  8
LAYER_1
 62
    39
  6
CONTINUOUS
 10
-2.032610
 20
3.079296
  0
VERTEX
  8
LAYER_1
 62
    39
  6
CONTINUOUS
 10
-2.031959
 20
3.079654
  0
VERTEX
  8
LAYER_1
 62
    39
  6
CONTINUOUS
 10
-2.031312
 20
3.080019
  0
VERTEX
  8
LAYER_1
 62
    39
  6
CONTINUOUS
 10
-2.030669
 20
3.080391
  0
VERTEX
  8
LAYER_1
 62
    39
  6
CONTINUOUS
 10
-2.030029
 20
3.080770
  0
VERTEX
  8
LAYER_1
 62
    39
  6
CONTINUOUS
 10
-2.029394
 20
3.081155
  0
VERTEX
  8
LAYER_1
 62
    39
  6
CONTINUOUS
 10
-2.028763
 20
3.081547
  0
VERTEX
  8
LAYER_1
 62
    39
  6
CONTINUOUS
 10
-2.028136
 20
3.081946
  0
VERTEX
  8
LAYER_1
 62
    39
  6
CONTINUOUS
 10
-2.027514
 20
3.082351
  0
VERTEX
  8
LAYER_1
 62
    39
  6
CONTINUOUS
 10
-2.026895
 20
3.082763
  0
VERTEX
  8
LAYER_1
 62
    39
  6
CONTINUOUS
 10
-2.026282
 20
3.083181
  0
VERTEX
  8
LAYER_1
 62
    39
  6
CONTINUOUS
 10
-2.025672
 20
3.083606
  0
VERTEX
  8
LAYER_1
 62
    39
  6
CONTINUOUS
 10
-2.025067
 20
3.084038
  0
VERTEX
  8
LAYER_1
 62
    39
  6
CONTINUOUS
 10
-2.024467
 20
3.084475
  0
VERTEX
  8
LAYER_1
 62
    39
  6
CONTINUOUS
 10
-2.023872
 20
3.084919
  0
VERTEX
  8
LAYER_1
 62
    39
  6
CONTINUOUS
 10
-2.023281
 20
3.085370
  0
VERTEX
  8
LAYER_1
 62
    39
  6
CONTINUOUS
 10
-2.022695
 20
3.085827
  0
VERTEX
  8
LAYER_1
 62
    39
  6
CONTINUOUS
 10
-2.022114
 20
3.086289
  0
VERTEX
  8
LAYER_1
 62
    39
  6
CONTINUOUS
 10
-2.021537
 20
3.086758
  0
VERTEX
  8
LAYER_1
 62
    39
  6
CONTINUOUS
 10
-2.020966
 20
3.087234
  0
VERTEX
  8
LAYER_1
 62
    39
  6
CONTINUOUS
 10
-2.020400
 20
3.087715
  0
VERTEX
  8
LAYER_1
 62
    39
  6
CONTINUOUS
 10
-2.019839
 20
3.088202
  0
VERTEX
  8
LAYER_1
 62
    39
  6
CONTINUOUS
 10
-2.019284
 20
3.088695
  0
VERTEX
  8
LAYER_1
 62
    39
  6
CONTINUOUS
 10
-2.018733
 20
3.089194
  0
VERTEX
  8
LAYER_1
 62
    39
  6
CONTINUOUS
 10
-2.018188
 20
3.089698
  0
VERTEX
  8
LAYER_1
 62
    39
  6
CONTINUOUS
 10
-2.017648
 20
3.090209
  0
VERTEX
  8
LAYER_1
 62
    39
  6
CONTINUOUS
 10
-2.017114
 20
3.090725
  0
VERTEX
  8
LAYER_1
 62
    39
  6
CONTINUOUS
 10
-2.016585
 20
3.091247
  0
VERTEX
  8
LAYER_1
 62
    39
  6
CONTINUOUS
 10
-2.016062
 20
3.091774
  0
VERTEX
  8
LAYER_1
 62
    39
  6
CONTINUOUS
 10
-2.015544
 20
3.092307
  0
VERTEX
  8
LAYER_1
 62
    39
  6
CONTINUOUS
 10
-2.015032
 20
3.092846
  0
VERTEX
  8
LAYER_1
 62
    39
  6
CONTINUOUS
 10
-2.014526
 20
3.093389
  0
VERTEX
  8
LAYER_1
 62
    39
  6
CONTINUOUS
 10
-2.014026
 20
3.093939
  0
VERTEX
  8
LAYER_1
 62
    39
  6
CONTINUOUS
 10
-2.013531
 20
3.094493
  0
VERTEX
  8
LAYER_1
 62
    39
  6
CONTINUOUS
 10
-2.013043
 20
3.095053
  0
VERTEX
  8
LAYER_1
 62
    39
  6
CONTINUOUS
 10
-2.012560
 20
3.095617
  0
VERTEX
  8
LAYER_1
 62
    39
  6
CONTINUOUS
 10
-2.012083
 20
3.096187
  0
VERTEX
  8
LAYER_1
 62
    39
  6
CONTINUOUS
 10
-2.011613
 20
3.096762
  0
VERTEX
  8
LAYER_1
 62
    39
  6
CONTINUOUS
 10
-2.011148
 20
3.097342
  0
VERTEX
  8
LAYER_1
 62
    39
  6
CONTINUOUS
 10
-2.010690
 20
3.097927
  0
VERTEX
  8
LAYER_1
 62
    39
  6
CONTINUOUS
 10
-2.010238
 20
3.098516
  0
VERTEX
  8
LAYER_1
 62
    39
  6
CONTINUOUS
 10
-2.009792
 20
3.099111
  0
VERTEX
  8
LAYER_1
 62
    39
  6
CONTINUOUS
 10
-2.009353
 20
3.099710
  0
VERTEX
  8
LAYER_1
 62
    39
  6
CONTINUOUS
 10
-2.008920
 20
3.100313
  0
VERTEX
  8
LAYER_1
 62
    39
  6
CONTINUOUS
 10
-2.008493
 20
3.100922
  0
VERTEX
  8
LAYER_1
 62
    39
  6
CONTINUOUS
 10
-2.008073
 20
3.101534
  0
VERTEX
  8
LAYER_1
 62
    39
  6
CONTINUOUS
 10
-2.007660
 20
3.102152
  0
VERTEX
  8
LAYER_1
 62
    39
  6
CONTINUOUS
 10
-2.007253
 20
3.102773
  0
VERTEX
  8
LAYER_1
 62
    39
  6
CONTINUOUS
 10
-2.006852
 20
3.103399
  0
VERTEX
  8
LAYER_1
 62
    39
  6
CONTINUOUS
 10
-2.006458
 20
3.104029
  0
VERTEX
  8
LAYER_1
 62
    39
  6
CONTINUOUS
 10
-2.006071
 20
3.104663
  0
VERTEX
  8
LAYER_1
 62
    39
  6
CONTINUOUS
 10
-2.005691
 20
3.105301
  0
VERTEX
  8
LAYER_1
 62
    39
  6
CONTINUOUS
 10
-2.005318
 20
3.105943
  0
VERTEX
  8
LAYER_1
 62
    39
  6
CONTINUOUS
 10
-2.004951
 20
3.106590
  0
VERTEX
  8
LAYER_1
 62
    39
  6
CONTINUOUS
 10
-2.004591
 20
3.107240
  0
VERTEX
  8
LAYER_1
 62
    39
  6
CONTINUOUS
 10
-2.004239
 20
3.107893
  0
VERTEX
  8
LAYER_1
 62
    39
  6
CONTINUOUS
 10
-2.003893
 20
3.108551
  0
VERTEX
  8
LAYER_1
 62
    39
  6
CONTINUOUS
 10
-2.003554
 20
3.109212
  0
VERTEX
  8
LAYER_1
 62
    39
  6
CONTINUOUS
 10
-2.003222
 20
3.109877
  0
VERTEX
  8
LAYER_1
 62
    39
  6
CONTINUOUS
 10
-2.002897
 20
3.110545
  0
VERTEX
  8
LAYER_1
 62
    39
  6
CONTINUOUS
 10
-2.002579
 20
3.111216
  0
VERTEX
  8
LAYER_1
 62
    39
  6
CONTINUOUS
 10
-2.002269
 20
3.111891
  0
VERTEX
  8
LAYER_1
 62
    39
  6
CONTINUOUS
 10
-2.001966
 20
3.112570
  0
VERTEX
  8
LAYER_1
 62
    39
  6
CONTINUOUS
 10
-2.001670
 20
3.113251
  0
VERTEX
  8
LAYER_1
 62
    39
  6
CONTINUOUS
 10
-2.001381
 20
3.113935
  0
VERTEX
  8
LAYER_1
 62
    39
  6
CONTINUOUS
 10
-2.001099
 20
3.114623
  0
VERTEX
  8
LAYER_1
 62
    39
  6
CONTINUOUS
 10
-2.000825
 20
3.115313
  0
VERTEX
  8
LAYER_1
 62
    39
  6
CONTINUOUS
 10
-2.000558
 20
3.116007
  0
VERTEX
  8
LAYER_1
 62
    39
  6
CONTINUOUS
 10
-2.000298
 20
3.116703
  0
VERTEX
  8
LAYER_1
 62
    39
  6
CONTINUOUS
 10
-2.000046
 20
3.117401
  0
VERTEX
  8
LAYER_1
 62
    39
  6
CONTINUOUS
 10
-1.999801
 20
3.118103
  0
VERTEX
  8
LAYER_1
 62
    39
  6
CONTINUOUS
 10
-1.999564
 20
3.118807
  0
VERTEX
  8
LAYER_1
 62
    39
  6
CONTINUOUS
 10
-1.999334
 20
3.119513
  0
VERTEX
  8
LAYER_1
 62
    39
  6
CONTINUOUS
 10
-1.999112
 20
3.120222
  0
VERTEX
  8
LAYER_1
 62
    39
  6
CONTINUOUS
 10
-1.998897
 20
3.120934
  0
VERTEX
  8
LAYER_1
 62
    39
  6
CONTINUOUS
 10
-1.998690
 20
3.121647
  0
VERTEX
  8
LAYER_1
 62
    39
  6
CONTINUOUS
 10
-1.998491
 20
3.122363
  0
VERTEX
  8
LAYER_1
 62
    39
  6
CONTINUOUS
 10
-1.998299
 20
3.123080
  0
VERTEX
  8
LAYER_1
 62
    39
  6
CONTINUOUS
 10
-1.998114
 20
3.123800
  0
VERTEX
  8
LAYER_1
 62
    39
  6
CONTINUOUS
 10
-1.997937
 20
3.124522
  0
VERTEX
  8
LAYER_1
 62
    39
  6
CONTINUOUS
 10
-1.997768
 20
3.125245
  0
VERTEX
  8
LAYER_1
 62
    39
  6
CONTINUOUS
 10
-1.997607
 20
3.125970
  0
VERTEX
  8
LAYER_1
 62
    39
  6
CONTINUOUS
 10
-1.997453
 20
3.126697
  0
VERTEX
  8
LAYER_1
 62
    39
  6
CONTINUOUS
 10
-1.997307
 20
3.127425
  0
VERTEX
  8
LAYER_1
 62
    39
  6
CONTINUOUS
 10
-1.997169
 20
3.128155
  0
VERTEX
  8
LAYER_1
 62
    39
  6
CONTINUOUS
 10
-1.997039
 20
3.128887
  0
VERTEX
  8
LAYER_1
 62
    39
  6
CONTINUOUS
 10
-1.996916
 20
3.129619
  0
VERTEX
  8
LAYER_1
 62
    39
  6
CONTINUOUS
 10
-1.996801
 20
3.130353
  0
VERTEX
  8
LAYER_1
 62
    39
  6
CONTINUOUS
 10
-1.996694
 20
3.131089
  0
VERTEX
  8
LAYER_1
 62
    39
  6
CONTINUOUS
 10
-1.996595
 20
3.131825
  0
VERTEX
  8
LAYER_1
 62
    39
  6
CONTINUOUS
 10
-1.996503
 20
3.132562
  0
VERTEX
  8
LAYER_1
 62
    39
  6
CONTINUOUS
 10
-1.996420
 20
3.133300
  0
VERTEX
  8
LAYER_1
 62
    39
  6
CONTINUOUS
 10
-1.996344
 20
3.134039
  0
VERTEX
  8
LAYER_1
 62
    39
  6
CONTINUOUS
 10
-1.996276
 20
3.134779
  0
VERTEX
  8
LAYER_1
 62
    39
  6
CONTINUOUS
 10
-1.996216
 20
3.135520
  0
VERTEX
  8
LAYER_1
 62
    39
  6
CONTINUOUS
 10
-1.996164
 20
3.136261
  0
VERTEX
  8
LAYER_1
 62
    39
  6
CONTINUOUS
 10
-1.996119
 20
3.137002
  0
VERTEX
  8
LAYER_1
 62
    39
  6
CONTINUOUS
 10
-1.996083
 20
3.137744
  0
VERTEX
  8
LAYER_1
 62
    39
  6
CONTINUOUS
 10
-1.996054
 20
3.138487
  0
VERTEX
  8
LAYER_1
 62
    39
  6
CONTINUOUS
 10
-1.996034
 20
3.139229
  0
VERTEX
  8
LAYER_1
 62
    39
  6
CONTINUOUS
 10
-1.996021
 20
3.139972
  0
VERTEX
  8
LAYER_1
 62
    39
  6
CONTINUOUS
 10
-1.996016
 20
3.140715
  0
SEQEND
  8
0
  0
LINE
  8
LAYER_1
 62
    39
  6
CONTINUOUS
 10
-1.996016
 20
3.140811
 11
-1.996016
 21
3.140811
  0
POLYLINE
  8
LAYER_1
 62
    39
  6
CONTINUOUS
 66
     1
 40
0.003000
 41
0.003000
 70
     1
  0
VERTEX
  8
LAYER_1
 62
    39
  6
CONTINUOUS
 10
-1.996016
 20
-2.482894
  0
VERTEX
  8
LAYER_1
 62
    39
  6
CONTINUOUS
 10
-1.996019
 20
-2.482151
  0
VERTEX
  8
LAYER_1
 62
    39
  6
CONTINUOUS
 10
-1.996030
 20
-2.481408
  0
VERTEX
  8
LAYER_1
 62
    39
  6
CONTINUOUS
 10
-1.996049
 20
-2.480666
  0
VERTEX
  8
LAYER_1
 62
    39
  6
CONTINUOUS
 10
-1.996075
 20
-2.479923
  0
VERTEX
  8
LAYER_1
 62
    39
  6
CONTINUOUS
 10
-1.996110
 20
-2.479181
  0
VERTEX
  8
LAYER_1
 62
    39
  6
CONTINUOUS
 10
-1.996152
 20
-2.478439
  0
VERTEX
  8
LAYER_1
 62
    39
  6
CONTINUOUS
 10
-1.996203
 20
-2.477698
  0
VERTEX
  8
LAYER_1
 62
    39
  6
CONTINUOUS
 10
-1.996261
 20
-2.476957
  0
VERTEX
  8
LAYER_1
 62
    39
  6
CONTINUOUS
 10
-1.996327
 20
-2.476217
  0
VERTEX
  8
LAYER_1
 62
    39
  6
CONTINUOUS
 10
-1.996401
 20
-2.475478
  0
VERTEX
  8
LAYER_1
 62
    39
  6
CONTINUOUS
 10
-1.996483
 20
-2.474740
  0
VERTEX
  8
LAYER_1
 62
    39
  6
CONTINUOUS
 10
-1.996572
 20
-2.474002
  0
VERTEX
  8
LAYER_1
 62
    39
  6
CONTINUOUS
 10
-1.996670
 20
-2.473266
  0
VERTEX
  8
LAYER_1
 62
    39
  6
CONTINUOUS
 10
-1.996775
 20
-2.472530
  0
VERTEX
  8
LAYER_1
 62
    39
  6
CONTINUOUS
 10
-1.996888
 20
-2.471796
  0
VERTEX
  8
LAYER_1
 62
    39
  6
CONTINUOUS
 10
-1.997009
 20
-2.471063
  0
VERTEX
  8
LAYER_1
 62
    39
  6
CONTINUOUS
 10
-1.997137
 20
-2.470331
  0
VERTEX
  8
LAYER_1
 62
    39
  6
CONTINUOUS
 10
-1.997273
 20
-2.469601
  0
VERTEX
  8
LAYER_1
 62
    39
  6
CONTINUOUS
 10
-1.997418
 20
-2.468872
  0
VERTEX
  8
LAYER_1
 62
    39
  6
CONTINUOUS
 10
-1.997569
 20
-2.468145
  0
VERTEX
  8
LAYER_1
 62
    39
  6
CONTINUOUS
 10
-1.997729
 20
-2.467419
  0
VERTEX
  8
LAYER_1
 62
    39
  6
CONTINUOUS
 10
-1.997896
 20
-2.466696
  0
VERTEX
  8
LAYER_1
 62
    39
  6
CONTINUOUS
 10
-1.998071
 20
-2.465974
  0
VERTEX
  8
LAYER_1
 62
    39
  6
CONTINUOUS
 10
-1.998253
 20
-2.465253
  0
VERTEX
  8
LAYER_1
 62
    39
  6
CONTINUOUS
 10
-1.998444
 20
-2.464535
  0
VERTEX
  8
LAYER_1
 62
    39
  6
CONTINUOUS
 10
-1.998641
 20
-2.463819
  0
VERTEX
  8
LAYER_1
 62
    39
  6
CONTINUOUS
 10
-1.998847
 20
-2.463105
  0
VERTEX
  8
LAYER_1
 62
    39
  6
CONTINUOUS
 10
-1.999060
 20
-2.462393
  0
VERTEX
  8
LAYER_1
 62
    39
  6
CONTINUOUS
 10
-1.999280
 20
-2.461684
  0
VERTEX
  8
LAYER_1
 62
    39
  6
CONTINUOUS
 10
-1.999508
 20
-2.460977
  0
VERTEX
  8
LAYER_1
 62
    39
  6
CONTINUOUS
 10
-1.999744
 20
-2.460272
  0
VERTEX
  8
LAYER_1
 62
    39
  6
CONTINUOUS
 10
-1.999986
 20
-2.459570
  0
VERTEX
  8
LAYER_1
 62
    39
  6
CONTINUOUS
 10
-2.000237
 20
-2.458871
  0
VERTEX
  8
LAYER_1
 62
    39
  6
CONTINUOUS
 10
-2.000495
 20
-2.458174
  0
VERTEX
  8
LAYER_1
 62
    39
  6
CONTINUOUS
 10
-2.000760
 20
-2.457480
  0
VERTEX
  8
LAYER_1
 62
    39
  6
CONTINUOUS
 10
-2.001032
 20
-2.456789
  0
VERTEX
  8
LAYER_1
 62
    39
  6
CONTINUOUS
 10
-2.001312
 20
-2.456101
  0
VERTEX
  8
LAYER_1
 62
    39
  6
CONTINUOUS
 10
-2.001599
 20
-2.455415
  0
VERTEX
  8
LAYER_1
 62
    39
  6
CONTINUOUS
 10
-2.001894
 20
-2.454733
  0
VERTEX
  8
LAYER_1
 62
    39
  6
CONTINUOUS
 10
-2.002195
 20
-2.454054
  0
VERTEX
  8
LAYER_1
 62
    39
  6
CONTINUOUS
 10
-2.002504
 20
-2.453379
  0
VERTEX
  8
LAYER_1
 62
    39
  6
CONTINUOUS
 10
-2.002820
 20
-2.452706
  0
VERTEX
  8
LAYER_1
 62
    39
  6
CONTINUOUS
 10
-2.003143
 20
-2.452037
  0
VERTEX
  8
LAYER_1
 62
    39
  6
CONTINUOUS
 10
-2.003473
 20
-2.451372
  0
VERTEX
  8
LAYER_1
 62
    39
  6
CONTINUOUS
 10
-2.003810
 20
-2.450710
  0
VERTEX
  8
LAYER_1
 62
    39
  6
CONTINUOUS
 10
-2.004155
 20
-2.450051
  0
VERTEX
  8
LAYER_1
 62
    39
  6
CONTINUOUS
 10
-2.004506
 20
-2.449397
  0
VERTEX
  8
LAYER_1
 62
    39
  6
CONTINUOUS
 10
-2.004864
 20
-2.448746
  0
VERTEX
  8
LAYER_1
 62
    39
  6
CONTINUOUS
 10
-2.005229
 20
-2.448099
  0
VERTEX
  8
LAYER_1
 62
    39
  6
CONTINUOUS
 10
-2.005601
 20
-2.447455
  0
VERTEX
  8
LAYER_1
 62
    39
  6
CONTINUOUS
 10
-2.005979
 20
-2.446816
  0
VERTEX
  8
LAYER_1
 62
    39
  6
CONTINUOUS
 10
-2.006365
 20
-2.446181
  0
VERTEX
  8
LAYER_1
 62
    39
  6
CONTINUOUS
 10
-2.006757
 20
-2.445550
  0
VERTEX
  8
LAYER_1
 62
    39
  6
CONTINUOUS
 10
-2.007156
 20
-2.444923
  0
VERTEX
  8
LAYER_1
 62
    39
  6
CONTINUOUS
 10
-2.007561
 20
-2.444301
  0
VERTEX
  8
LAYER_1
 62
    39
  6
CONTINUOUS
 10
-2.007973
 20
-2.443683
  0
VERTEX
  8
LAYER_1
 62
    39
  6
CONTINUOUS
 10
-2.008392
 20
-2.443069
  0
VERTEX
  8
LAYER_1
 62
    39
  6
CONTINUOUS
 10
-2.008817
 20
-2.442459
  0
VERTEX
  8
LAYER_1
 62
    39
  6
CONTINUOUS
 10
-2.009248
 20
-2.441855
  0
VERTEX
  8
LAYER_1
 62
    39
  6
CONTINUOUS
 10
-2.009686
 20
-2.441254
  0
VERTEX
  8
LAYER_1
 62
    39
  6
CONTINUOUS
 10
-2.010130
 20
-2.440659
  0
VERTEX
  8
LAYER_1
 62
    39
  6
CONTINUOUS
 10
-2.010581
 20
-2.440068
  0
VERTEX
  8
LAYER_1
 62
    39
  6
CONTINUOUS
 10
-2.011037
 20
-2.439482
  0
VERTEX
  8
LAYER_1
 62
    39
  6
CONTINUOUS
 10
-2.011500
 20
-2.438901
  0
VERTEX
  8
LAYER_1
 62
    39
  6
CONTINUOUS
 10
-2.011969
 20
-2.438325
  0
VERTEX
  8
LAYER_1
 62
    39
  6
CONTINUOUS
 10
-2.012445
 20
-2.437754
  0
VERTEX
  8
LAYER_1
 62
    39
  6
CONTINUOUS
 10
-2.012926
 20
-2.437188
  0
VERTEX
  8
LAYER_1
 62
    39
  6
CONTINUOUS
 10
-2.013413
 20
-2.436627
  0
VERTEX
  8
LAYER_1
 62
    39
  6
CONTINUOUS
 10
-2.013906
 20
-2.436072
  0
VERTEX
  8
LAYER_1
 62
    39
  6
CONTINUOUS
 10
-2.014405
 20
-2.435521
  0
VERTEX
  8
LAYER_1
 62
    39
  6
CONTINUOUS
 10
-2.014910
 20
-2.434976
  0
VERTEX
  8
LAYER_1
 62
    39
  6
CONTINUOUS
 10
-2.015420
 20
-2.434436
  0
VERTEX
  8
LAYER_1
 62
    39
  6
CONTINUOUS
 10
-2.015937
 20
-2.433902
  0
VERTEX
  8
LAYER_1
 62
    39
  6
CONTINUOUS
 10
-2.016458
 20
-2.433373
  0
VERTEX
  8
LAYER_1
 62
    39
  6
CONTINUOUS
 10
-2.016986
 20
-2.432850
  0
VERTEX
  8
LAYER_1
 62
    39
  6
CONTINUOUS
 10
-2.017519
 20
-2.432333
  0
VERTEX
  8
LAYER_1
 62
    39
  6
CONTINUOUS
 10
-2.018057
 20
-2.431821
  0
VERTEX
  8
LAYER_1
 62
    39
  6
CONTINUOUS
 10
-2.018601
 20
-2.431315
  0
VERTEX
  8
LAYER_1
 62
    39
  6
CONTINUOUS
 10
-2.019150
 20
-2.430814
  0
VERTEX
  8
LAYER_1
 62
    39
  6
CONTINUOUS
 10
-2.019705
 20
-2.430320
  0
VERTEX
  8
LAYER_1
 62
    39
  6
CONTINUOUS
 10
-2.020265
 20
-2.429831
  0
VERTEX
  8
LAYER_1
 62
    39
  6
CONTINUOUS
 10
-2.020829
 20
-2.429349
  0
VERTEX
  8
LAYER_1
 62
    39
  6
CONTINUOUS
 10
-2.021399
 20
-2.428872
  0
VERTEX
  8
LAYER_1
 62
    39
  6
CONTINUOUS
 10
-2.021974
 20
-2.428402
  0
VERTEX
  8
LAYER_1
 62
    39
  6
CONTINUOUS
 10
-2.022554
 20
-2.427937
  0
VERTEX
  8
LAYER_1
 62
    39
  6
CONTINUOUS
 10
-2.023139
 20
-2.427479
  0
VERTEX
  8
LAYER_1
 62
    39
  6
CONTINUOUS
 10
-2.023729
 20
-2.427027
  0
VERTEX
  8
LAYER_1
 62
    39
  6
CONTINUOUS
 10
-2.024323
 20
-2.426582
  0
VERTEX
  8
LAYER_1
 62
    39
  6
CONTINUOUS
 10
-2.024922
 20
-2.426142
  0
VERTEX
  8
LAYER_1
 62
    39
  6
CONTINUOUS
 10
-2.025526
 20
-2.425710
  0
VERTEX
  8
LAYER_1
 62
    39
  6
CONTINUOUS
 10
-2.026134
 20
-2.425283
  0
VERTEX
  8
LAYER_1
 62
    39
  6
CONTINUOUS
 10
-2.026747
 20
-2.424863
  0
VERTEX
  8
LAYER_1
 62
    39
  6
CONTINUOUS
 10
-2.027364
 20
-2.424449
  0
VERTEX
  8
LAYER_1
 62
    39
  6
CONTINUOUS
 10
-2.027986
 20
-2.424043
  0
VERTEX
  8
LAYER_1
 62
    39
  6
CONTINUOUS
 10
-2.028612
 20
-2.423642
  0
VERTEX
  8
LAYER_1
 62
    39
  6
CONTINUOUS
 10
-2.029242
 20
-2.423249
  0
VERTEX
  8
LAYER_1
 62
    39
  6
CONTINUOUS
 10
-2.029876
 20
-2.422862
  0
VERTEX
  8
LAYER_1
 62
    39
  6
CONTINUOUS
 10
-2.030514
 20
-2.422482
  0
VERTEX
  8
LAYER_1
 62
    39
  6
CONTINUOUS
 10
-2.031157
 20
-2.422108
  0
VERTEX
  8
LAYER_1
 62
    39
  6
CONTINUOUS
 10
-2.031803
 20
-2.421742
  0
VERTEX
  8
LAYER_1
 62
    39
  6
CONTINUOUS
 10
-2.032453
 20
-2.421382
  0
VERTEX
  8
LAYER_1
 62
    39
  6
CONTINUOUS
 10
-2.033107
 20
-2.421029
  0
VERTEX
  8
LAYER_1
 62
    39
  6
CONTINUOUS
 10
-2.033764
 20
-2.420683
  0
VERTEX
  8
LAYER_1
 62
    39
  6
CONTINUOUS
 10
-2.034425
 20
-2.420345
  0
VERTEX
  8
LAYER_1
 62
    39
  6
CONTINUOUS
 10
-2.035090
 20
-2.420013
  0
VERTEX
  8
LAYER_1
 62
    39
  6
CONTINUOUS
 10
-2.035758
 20
-2.419688
  0
VERTEX
  8
LAYER_1
 62
    39
  6
CONTINUOUS
 10
-2.036430
 20
-2.419371
  0
VERTEX
  8
LAYER_1
 62
    39
  6
CONTINUOUS
 10
-2.037105
 20
-2.419060
  0
VERTEX
  8
LAYER_1
 62
    39
  6
CONTINUOUS
 10
-2.037783
 20
-2.418757
  0
VERTEX
  8
LAYER_1
 62
    39
  6
CONTINUOUS
 10
-2.038465
 20
-2.418461
  0
VERTEX
  8
LAYER_1
 62
    39
  6
CONTINUOUS
 10
-2.039149
 20
-2.418172
  0
VERTEX
  8
LAYER_1
 62
    39
  6
CONTINUOUS
 10
-2.039837
 20
-2.417891
  0
VERTEX
  8
LAYER_1
 62
    39
  6
CONTINUOUS
 10
-2.040527
 20
-2.417617
  0
VERTEX
  8
LAYER_1
 62
    39
  6
CONTINUOUS
 10
-2.041220
 20
-2.417350
  0
VERTEX
  8
LAYER_1
 62
    39
  6
CONTINUOUS
 10
-2.041917
 20
-2.417090
  0
VERTEX
  8
LAYER_1
 62
    39
  6
CONTINUOUS
 10
-2.042615
 20
-2.416838
  0
VERTEX
  8
LAYER_1
 62
    39
  6
CONTINUOUS
 10
-2.043317
 20
-2.416594
  0
VERTEX
  8
LAYER_1
 62
    39
  6
CONTINUOUS
 10
-2.044021
 20
-2.416356
  0
VERTEX
  8
LAYER_1
 62
    39
  6
CONTINUOUS
 10
-2.044727
 20
-2.416127
  0
VERTEX
  8
LAYER_1
 62
    39
  6
CONTINUOUS
 10
-2.045436
 20
-2.415904
  0
VERTEX
  8
LAYER_1
 62
    39
  6
CONTINUOUS
 10
-2.046148
 20
-2.415690
  0
VERTEX
  8
LAYER_1
 62
    39
  6
CONTINUOUS
 10
-2.046861
 20
-2.415483
  0
VERTEX
  8
LAYER_1
 62
    39
  6
CONTINUOUS
 10
-2.047577
 20
-2.415283
  0
VERTEX
  8
LAYER_1
 62
    39
  6
CONTINUOUS
 10
-2.048294
 20
-2.415091
  0
VERTEX
  8
LAYER_1
 62
    39
  6
CONTINUOUS
 10
-2.049014
 20
-2.414907
  0
VERTEX
  8
LAYER_1
 62
    39
  6
CONTINUOUS
 10
-2.049736
 20
-2.414730
  0
VERTEX
  8
LAYER_1
 62
    39
  6
CONTINUOUS
 10
-2.050459
 20
-2.414562
  0
VERTEX
  8
LAYER_1
 62
    39
  6
CONTINUOUS
 10
-2.051184
 20
-2.414400
  0
VERTEX
  8
LAYER_1
 62
    39
  6
CONTINUOUS
 10
-2.051911
 20
-2.414247
  0
VERTEX
  8
LAYER_1
 62
    39
  6
CONTINUOUS
 10
-2.052640
 20
-2.414101
  0
VERTEX
  8
LAYER_1
 62
    39
  6
CONTINUOUS
 10
-2.053370
 20
-2.413963
  0
VERTEX
  8
LAYER_1
 62
    39
  6
CONTINUOUS
 10
-2.054101
 20
-2.413832
  0
VERTEX
  8
LAYER_1
 62
    39
  6
CONTINUOUS
 10
-2.054834
 20
-2.413710
  0
VERTEX
  8
LAYER_1
 62
    39
  6
CONTINUOUS
 10
-2.055568
 20
-2.413595
  0
VERTEX
  8
LAYER_1
 62
    39
  6
CONTINUOUS
 10
-2.056303
 20
-2.413488
  0
VERTEX
  8
LAYER_1
 62
    39
  6
CONTINUOUS
 10
-2.057039
 20
-2.413389
  0
VERTEX
  8
LAYER_1
 62
    39
  6
CONTINUOUS
 10
-2.057777
 20
-2.413298
  0
VERTEX
  8
LAYER_1
 62
    39
  6
CONTINUOUS
 10
-2.058515
 20
-2.413214
  0
VERTEX
  8
LAYER_1
 62
    39
  6
CONTINUOUS
 10
-2.059254
 20
-2.413138
  0
VERTEX
  8
LAYER_1
 62
    39
  6
CONTINUOUS
 10
-2.059994
 20
-2.413071
  0
VERTEX
  8
LAYER_1
 62
    39
  6
CONTINUOUS
 10
-2.060734
 20
-2.413011
  0
VERTEX
  8
LAYER_1
 62
    39
  6
CONTINUOUS
 10
-2.061475
 20
-2.412958
  0
VERTEX
  8
LAYER_1
 62
    39
  6
CONTINUOUS
 10
-2.062217
 20
-2.412914
  0
VERTEX
  8
LAYER_1
 62
    39
  6
CONTINUOUS
 10
-2.062959
 20
-2.412878
  0
VERTEX
  8
LAYER_1
 62
    39
  6
CONTINUOUS
 10
-2.063701
 20
-2.412849
  0
VERTEX
  8
LAYER_1
 62
    39
  6
CONTINUOUS
 10
-2.064444
 20
-2.412829
  0
VERTEX
  8
LAYER_1
 62
    39
  6
CONTINUOUS
 10
-2.065187
 20
-2.412816
  0
VERTEX
  8
LAYER_1
 62
    39
  6
CONTINUOUS
 10
-2.065930
 20
-2.412811
  0
VERTEX
  8
LAYER_1
 62
    39
  6
CONTINUOUS
 10
-2.066672
 20
-2.412814
  0
VERTEX
  8
LAYER_1
 62
    39
  6
CONTINUOUS
 10
-2.067415
 20
-2.412825
  0
VERTEX
  8
LAYER_1
 62
    39
  6
CONTINUOUS
 10
-2.068158
 20
-2.412844
  0
VERTEX
  8
LAYER_1
 62
    39
  6
CONTINUOUS
 10
-2.068900
 20
-2.412870
  0
VERTEX
  8
LAYER_1
 62
    39
  6
CONTINUOUS
 10
-2.069643
 20
-2.412905
  0
VERTEX
  8
LAYER_1
 62
    39
  6
CONTINUOUS
 10
-2.070384
 20
-2.412947
  0
VERTEX
  8
LAYER_1
 62
    39
  6
CONTINUOUS
 10
-2.071125
 20
-2.412998
  0
VERTEX
  8
LAYER_1
 62
    39
  6
CONTINUOUS
 10
-2.071866
 20
-2.413056
  0
VERTEX
  8
LAYER_1
 62
    39
  6
CONTINUOUS
 10
-2.072606
 20
-2.413122
  0
VERTEX
  8
LAYER_1
 62
    39
  6
CONTINUOUS
 10
-2.073345
 20
-2.413196
  0
VERTEX
  8
LAYER_1
 62
    39
  6
CONTINUOUS
 10
-2.074084
 20
-2.413278
  0
VERTEX
  8
LAYER_1
 62
    39
  6
CONTINUOUS
 10
-2.074821
 20
-2.413367
  0
VERTEX
  8
LAYER_1
 62
    39
  6
CONTINUOUS
 10
-2.075558
 20
-2.413464
  0
VERTEX
  8
LAYER_1
 62
    39
  6
CONTINUOUS
 10
-2.076293
 20
-2.413570
  0
VERTEX
  8
LAYER_1
 62
    39
  6
CONTINUOUS
 10
-2.077027
 20
-2.413683
  0
VERTEX
  8
LAYER_1
 62
    39
  6
CONTINUOUS
 10
-2.077760
 20
-2.413803
  0
VERTEX
  8
LAYER_1
 62
    39
  6
CONTINUOUS
 10
-2.078492
 20
-2.413932
  0
VERTEX
  8
LAYER_1
 62
    39
  6
CONTINUOUS
 10
-2.079223
 20
-2.414068
  0
VERTEX
  8
LAYER_1
 62
    39
  6
CONTINUOUS
 10
-2.079951
 20
-2.414212
  0
VERTEX
  8
LAYER_1
 62
    39
  6
CONTINUOUS
 10
-2.080679
 20
-2.414364
  0
VERTEX
  8
LAYER_1
 62
    39
  6
CONTINUOUS
 10
-2.081404
 20
-2.414523
  0
VERTEX
  8
LAYER_1
 62
    39
  6
CONTINUOUS
 10
-2.082128
 20
-2.414691
  0
VERTEX
  8
LAYER_1
 62
    39
  6
CONTINUOUS
 10
-2.082850
 20
-2.414865
  0
VERTEX
  8
LAYER_1
 62
    39
  6
CONTINUOUS
 10
-2.083570
 20
-2.415048
  0
VERTEX
  8
LAYER_1
 62
    39
  6
CONTINUOUS
 10
-2.084288
 20
-2.415238
  0
VERTEX
  8
LAYER_1
 62
    39
  6
CONTINUOUS
 10
-2.085005
 20
-2.415436
  0
VERTEX
  8
LAYER_1
 62
    39
  6
CONTINUOUS
 10
-2.085719
 20
-2.415641
  0
VERTEX
  8
LAYER_1
 62
    39
  6
CONTINUOUS
 10
-2.086430
 20
-2.415854
  0
VERTEX
  8
LAYER_1
 62
    39
  6
CONTINUOUS
 10
-2.087140
 20
-2.416074
  0
VERTEX
  8
LAYER_1
 62
    39
  6
CONTINUOUS
 10
-2.087847
 20
-2.416302
  0
VERTEX
  8
LAYER_1
 62
    39
  6
CONTINUOUS
 10
-2.088551
 20
-2.416538
  0
VERTEX
  8
LAYER_1
 62
    39
  6
CONTINUOUS
 10
-2.089254
 20
-2.416781
  0
VERTEX
  8
LAYER_1
 62
    39
  6
CONTINUOUS
 10
-2.089953
 20
-2.417031
  0
VERTEX
  8
LAYER_1
 62
    39
  6
CONTINUOUS
 10
-2.090650
 20
-2.417289
  0
VERTEX
  8
LAYER_1
 62
    39
  6
CONTINUOUS
 10
-2.091344
 20
-2.417554
  0
VERTEX
  8
LAYER_1
 62
    39
  6
CONTINUOUS
 10
-2.092035
 20
-2.417826
  0
VERTEX
  8
LAYER_1
 62
    39
  6
CONTINUOUS
 10
-2.092723
 20
-2.418106
  0
VERTEX
  8
LAYER_1
 62
    39
  6
CONTINUOUS
 10
-2.093408
 20
-2.418393
  0
VERTEX
  8
LAYER_1
 62
    39
  6
CONTINUOUS
 10
-2.094090
 20
-2.418688
  0
VERTEX
  8
LAYER_1
 62
    39
  6
CONTINUOUS
 10
-2.094769
 20
-2.418989
  0
VERTEX
  8
LAYER_1
 62
    39
  6
CONTINUOUS
 10
-2.095445
 20
-2.419298
  0
VERTEX
  8
LAYER_1
 62
    39
  6
CONTINUOUS
 10
-2.096118
 20
-2.419614
  0
VERTEX
  8
LAYER_1
 62
    39
  6
CONTINUOUS
 10
-2.096787
 20
-2.419937
  0
VERTEX
  8
LAYER_1
 62
    39
  6
CONTINUOUS
 10
-2.097452
 20
-2.420267
  0
VERTEX
  8
LAYER_1
 62
    39
  6
CONTINUOUS
 10
-2.098114
 20
-2.420604
  0
VERTEX
  8
LAYER_1
 62
    39
  6
CONTINUOUS
 10
-2.098773
 20
-2.420948
  0
VERTEX
  8
LAYER_1
 62
    39
  6
CONTINUOUS
 10
-2.099427
 20
-2.421299
  0
VERTEX
  8
LAYER_1
 62
    39
  6
CONTINUOUS
 10
-2.100078
 20
-2.421658
  0
VERTEX
  8
LAYER_1
 62
    39
  6
CONTINUOUS
 10
-2.100725
 20
-2.422022
  0
VERTEX
  8
LAYER_1
 62
    39
  6
CONTINUOUS
 10
-2.101368
 20
-2.422394
  0
VERTEX
  8
LAYER_1
 62
    39
  6
CONTINUOUS
 10
-2.102008
 20
-2.422773
  0
VERTEX
  8
LAYER_1
 62
    39
  6
CONTINUOUS
 10
-2.102643
 20
-2.423158
  0
VERTEX
  8
LAYER_1
 62
    39
  6
CONTINUOUS
 10
-2.103274
 20
-2.423550
  0
VERTEX
  8
LAYER_1
 62
    39
  6
CONTINUOUS
 10
-2.103901
 20
-2.423949
  0
VERTEX
  8
LAYER_1
 62
    39
  6
CONTINUOUS
 10
-2.104523
 20
-2.424354
  0
VERTEX
  8
LAYER_1
 62
    39
  6
CONTINUOUS
 10
-2.105142
 20
-2.424766
  0
VERTEX
  8
LAYER_1
 62
    39
  6
CONTINUOUS
 10
-2.105755
 20
-2.425185
  0
VERTEX
  8
LAYER_1
 62
    39
  6
CONTINUOUS
 10
-2.106365
 20
-2.425610
  0
VERTEX
  8
LAYER_1
 62
    39
  6
CONTINUOUS
 10
-2.106969
 20
-2.426041
  0
VERTEX
  8
LAYER_1
 62
    39
  6
CONTINUOUS
 10
-2.107570
 20
-2.426479
  0
VERTEX
  8
LAYER_1
 62
    39
  6
CONTINUOUS
 10
-2.108165
 20
-2.426923
  0
VERTEX
  8
LAYER_1
 62
    39
  6
CONTINUOUS
 10
-2.108756
 20
-2.427374
  0
VERTEX
  8
LAYER_1
 62
    39
  6
CONTINUOUS
 10
-2.109342
 20
-2.427831
  0
VERTEX
  8
LAYER_1
 62
    39
  6
CONTINUOUS
 10
-2.109923
 20
-2.428294
  0
VERTEX
  8
LAYER_1
 62
    39
  6
CONTINUOUS
 10
-2.110499
 20
-2.428763
  0
VERTEX
  8
LAYER_1
 62
    39
  6
CONTINUOUS
 10
-2.111070
 20
-2.429238
  0
VERTEX
  8
LAYER_1
 62
    39
  6
CONTINUOUS
 10
-2.111636
 20
-2.429719
  0
VERTEX
  8
LAYER_1
 62
    39
  6
CONTINUOUS
 10
-2.112197
 20
-2.430206
  0
VERTEX
  8
LAYER_1
 62
    39
  6
CONTINUOUS
 10
-2.112753
 20
-2.430699
  0
VERTEX
  8
LAYER_1
 62
    39
  6
CONTINUOUS
 10
-2.113303
 20
-2.431198
  0
VERTEX
  8
LAYER_1
 62
    39
  6
CONTINUOUS
 10
-2.113848
 20
-2.431703
  0
VERTEX
  8
LAYER_1
 62
    39
  6
CONTINUOUS
 10
-2.114388
 20
-2.432213
  0
VERTEX
  8
LAYER_1
 62
    39
  6
CONTINUOUS
 10
-2.114922
 20
-2.432730
  0
VERTEX
  8
LAYER_1
 62
    39
  6
CONTINUOUS
 10
-2.115451
 20
-2.433251
  0
VERTEX
  8
LAYER_1
 62
    39
  6
CONTINUOUS
 10
-2.115974
 20
-2.433779
  0
VERTEX
  8
LAYER_1
 62
    39
  6
CONTINUOUS
 10
-2.116492
 20
-2.434312
  0
VERTEX
  8
LAYER_1
 62
    39
  6
CONTINUOUS
 10
-2.117004
 20
-2.434850
  0
VERTEX
  8
LAYER_1
 62
    39
  6
CONTINUOUS
 10
-2.117510
 20
-2.435394
  0
VERTEX
  8
LAYER_1
 62
    39
  6
CONTINUOUS
 10
-2.118010
 20
-2.435943
  0
VERTEX
  8
LAYER_1
 62
    39
  6
CONTINUOUS
 10
-2.118505
 20
-2.436498
  0
VERTEX
  8
LAYER_1
 62
    39
  6
CONTINUOUS
 10
-2.118993
 20
-2.437057
  0
VERTEX
  8
LAYER_1
 62
    39
  6
CONTINUOUS
 10
-2.119476
 20
-2.437622
  0
VERTEX
  8
LAYER_1
 62
    39
  6
CONTINUOUS
 10
-2.119952
 20
-2.438192
  0
VERTEX
  8
LAYER_1
 62
    39
  6
CONTINUOUS
 10
-2.120423
 20
-2.438767
  0
VERTEX
  8
LAYER_1
 62
    39
  6
CONTINUOUS
 10
-2.120887
 20
-2.439347
  0
VERTEX
  8
LAYER_1
 62
    39
  6
CONTINUOUS
 10
-2.121345
 20
-2.439932
  0
VERTEX
  8
LAYER_1
 62
    39
  6
CONTINUOUS
 10
-2.121797
 20
-2.440521
  0
VERTEX
  8
LAYER_1
 62
    39
  6
CONTINUOUS
 10
-2.122243
 20
-2.441116
  0
VERTEX
  8
LAYER_1
 62
    39
  6
CONTINUOUS
 10
-2.122682
 20
-2.441715
  0
VERTEX
  8
LAYER_1
 62
    39
  6
CONTINUOUS
 10
-2.123115
 20
-2.442319
  0
VERTEX
  8
LAYER_1
 62
    39
  6
CONTINUOUS
 10
-2.123542
 20
-2.442927
  0
VERTEX
  8
LAYER_1
 62
    39
  6
CONTINUOUS
 10
-2.123962
 20
-2.443540
  0
VERTEX
  8
LAYER_1
 62
    39
  6
CONTINUOUS
 10
-2.124375
 20
-2.444157
  0
VERTEX
  8
LAYER_1
 62
    39
  6
CONTINUOUS
 10
-2.124782
 20
-2.444778
  0
VERTEX
  8
LAYER_1
 62
    39
  6
CONTINUOUS
 10
-2.125183
 20
-2.445404
  0
VERTEX
  8
LAYER_1
 62
    39
  6
CONTINUOUS
 10
-2.125576
 20
-2.446034
  0
VERTEX
  8
LAYER_1
 62
    39
  6
CONTINUOUS
 10
-2.125963
 20
-2.446669
  0
VERTEX
  8
LAYER_1
 62
    39
  6
CONTINUOUS
 10
-2.126344
 20
-2.447307
  0
VERTEX
  8
LAYER_1
 62
    39
  6
CONTINUOUS
 10
-2.126717
 20
-2.447949
  0
VERTEX
  8
LAYER_1
 62
    39
  6
CONTINUOUS
 10
-2.127084
 20
-2.448595
  0
VERTEX
  8
LAYER_1
 62
    39
  6
CONTINUOUS
 10
-2.127443
 20
-2.449245
  0
VERTEX
  8
LAYER_1
 62
    39
  6
CONTINUOUS
 10
-2.127796
 20
-2.449899
  0
VERTEX
  8
LAYER_1
 62
    39
  6
CONTINUOUS
 10
-2.128142
 20
-2.450557
  0
VERTEX
  8
LAYER_1
 62
    39
  6
CONTINUOUS
 10
-2.128481
 20
-2.451218
  0
VERTEX
  8
LAYER_1
 62
    39
  6
CONTINUOUS
 10
-2.128812
 20
-2.451882
  0
VERTEX
  8
LAYER_1
 62
    39
  6
CONTINUOUS
 10
-2.129137
 20
-2.452551
  0
VERTEX
  8
LAYER_1
 62
    39
  6
CONTINUOUS
 10
-2.129455
 20
-2.453222
  0
VERTEX
  8
LAYER_1
 62
    39
  6
CONTINUOUS
 10
-2.129765
 20
-2.453897
  0
VERTEX
  8
LAYER_1
 62
    39
  6
CONTINUOUS
 10
-2.130068
 20
-2.454575
  0
VERTEX
  8
LAYER_1
 62
    39
  6
CONTINUOUS
 10
-2.130365
 20
-2.455257
  0
VERTEX
  8
LAYER_1
 62
    39
  6
CONTINUOUS
 10
-2.130653
 20
-2.455941
  0
VERTEX
  8
LAYER_1
 62
    39
  6
CONTINUOUS
 10
-2.130935
 20
-2.456629
  0
VERTEX
  8
LAYER_1
 62
    39
  6
CONTINUOUS
 10
-2.131209
 20
-2.457319
  0
VERTEX
  8
LAYER_1
 62
    39
  6
CONTINUOUS
 10
-2.131476
 20
-2.458013
  0
VERTEX
  8
LAYER_1
 62
    39
  6
CONTINUOUS
 10
-2.131735
 20
-2.458709
  0
VERTEX
  8
LAYER_1
 62
    39
  6
CONTINUOUS
 10
-2.131988
 20
-2.459408
  0
VERTEX
  8
LAYER_1
 62
    39
  6
CONTINUOUS
 10
-2.132232
 20
-2.460109
  0
VERTEX
  8
LAYER_1
 62
    39
  6
CONTINUOUS
 10
-2.132469
 20
-2.460813
  0
VERTEX
  8
LAYER_1
 62
    39
  6
CONTINUOUS
 10
-2.132699
 20
-2.461520
  0
VERTEX
  8
LAYER_1
 62
    39
  6
CONTINUOUS
 10
-2.132921
 20
-2.462228
  0
VERTEX
  8
LAYER_1
 62
    39
  6
CONTINUOUS
 10
-2.133136
 20
-2.462940
  0
VERTEX
  8
LAYER_1
 62
    39
  6
CONTINUOUS
 10
-2.133343
 20
-2.463653
  0
VERTEX
  8
LAYER_1
 62
    39
  6
CONTINUOUS
 10
-2.133543
 20
-2.464369
  0
VERTEX
  8
LAYER_1
 62
    39
  6
CONTINUOUS
 10
-2.133735
 20
-2.465087
  0
VERTEX
  8
LAYER_1
 62
    39
  6
CONTINUOUS
 10
-2.133919
 20
-2.465806
  0
VERTEX
  8
LAYER_1
 62
    39
  6
CONTINUOUS
 10
-2.134096
 20
-2.466528
  0
VERTEX
  8
LAYER_1
 62
    39
  6
CONTINUOUS
 10
-2.134265
 20
-2.467251
  0
VERTEX
  8
LAYER_1
 62
    39
  6
CONTINUOUS
 10
-2.134426
 20
-2.467976
  0
VERTEX
  8
LAYER_1
 62
    39
  6
CONTINUOUS
 10
-2.134579
 20
-2.468703
  0
VERTEX
  8
LAYER_1
 62
    39
  6
CONTINUOUS
 10
-2.134725
 20
-2.469432
  0
VERTEX
  8
LAYER_1
 62
    39
  6
CONTINUOUS
 10
-2.134863
 20
-2.470162
  0
VERTEX
  8
LAYER_1
 62
    39
  6
CONTINUOUS
 10
-2.134994
 20
-2.470893
  0
VERTEX
  8
LAYER_1
 62
    39
  6
CONTINUOUS
 10
-2.135116
 20
-2.471626
  0
VERTEX
  8
LAYER_1
 62
    39
  6
CONTINUOUS
 10
-2.135231
 20
-2.472360
  0
VERTEX
  8
LAYER_1
 62
    39
  6
CONTINUOUS
 10
-2.135338
 20
-2.473095
  0
VERTEX
  8
LAYER_1
 62
    39
  6
CONTINUOUS
 10
-2.135437
 20
-2.473831
  0
VERTEX
  8
LAYER_1
 62
    39
  6
CONTINUOUS
 10
-2.135529
 20
-2.474569
  0
VERTEX
  8
LAYER_1
 62
    39
  6
CONTINUOUS
 10
-2.135612
 20
-2.475307
  0
VERTEX
  8
LAYER_1
 62
    39
  6
CONTINUOUS
 10
-2.135688
 20
-2.476046
  0
VERTEX
  8
LAYER_1
 62
    39
  6
CONTINUOUS
 10
-2.135756
 20
-2.476786
  0
VERTEX
  8
LAYER_1
 62
    39
  6
CONTINUOUS
 10
-2.135816
 20
-2.477526
  0
VERTEX
  8
LAYER_1
 62
    39
  6
CONTINUOUS
 10
-2.135868
 20
-2.478267
  0
VERTEX
  8
LAYER_1
 62
    39
  6
CONTINUOUS
 10
-2.135912
 20
-2.479009
  0
VERTEX
  8
LAYER_1
 62
    39
  6
CONTINUOUS
 10
-2.135949
 20
-2.479751
  0
VERTEX
  8
LAYER_1
 62
    39
  6
CONTINUOUS
 10
-2.135977
 20
-2.480493
  0
VERTEX
  8
LAYER_1
 62
    39
  6
CONTINUOUS
 10
-2.135998
 20
-2.481236
  0
VERTEX
  8
LAYER_1
 62
    39
  6
CONTINUOUS
 10
-2.136011
 20
-2.481979
  0
VERTEX
  8
LAYER_1
 62
    39
  6
CONTINUOUS
 10
-2.136016
 20
-2.482722
  0
VERTEX
  8
LAYER_1
 62
    39
  6
CONTINUOUS
 10
-2.136013
 20
-2.483464
  0
VERTEX
  8
LAYER_1
 62
    39
  6
CONTINUOUS
 10
-2.136002
 20
-2.484207
  0
VERTEX
  8
LAYER_1
 62
    39
  6
CONTINUOUS
 10
-2.135983
 20
-2.484950
  0
VERTEX
  8
LAYER_1
 62
    39
  6
CONTINUOUS
 10
-2.135956
 20
-2.485692
  0
VERTEX
  8
LAYER_1
 62
    39
  6
CONTINUOUS
 10
-2.135922
 20
-2.486435
  0
VERTEX
  8
LAYER_1
 62
    39
  6
CONTINUOUS
 10
-2.135880
 20
-2.487176
  0
VERTEX
  8
LAYER_1
 62
    39
  6
CONTINUOUS
 10
-2.135829
 20
-2.487917
  0
VERTEX
  8
LAYER_1
 62
    39
  6
CONTINUOUS
 10
-2.135771
 20
-2.488658
  0
VERTEX
  8
LAYER_1
 62
    39
  6
CONTINUOUS
 10
-2.135705
 20
-2.489398
  0
VERTEX
  8
LAYER_1
 62
    39
  6
CONTINUOUS
 10
-2.135631
 20
-2.490137
  0
VERTEX
  8
LAYER_1
 62
    39
  6
CONTINUOUS
 10
-2.135550
 20
-2.490876
  0
VERTEX
  8
LAYER_1
 62
    39
  6
CONTINUOUS
 10
-2.135460
 20
-2.491613
  0
VERTEX
  8
LAYER_1
 62
    39
  6
CONTINUOUS
 10
-2.135363
 20
-2.492350
  0
VERTEX
  8
LAYER_1
 62
    39
  6
CONTINUOUS
 10
-2.135258
 20
-2.493085
  0
VERTEX
  8
LAYER_1
 62
    39
  6
CONTINUOUS
 10
-2.135145
 20
-2.493820
  0
VERTEX
  8
LAYER_1
 62
    39
  6
CONTINUOUS
 10
-2.135024
 20
-2.494553
  0
VERTEX
  8
LAYER_1
 62
    39
  6
CONTINUOUS
 10
-2.134895
 20
-2.495284
  0
VERTEX
  8
LAYER_1
 62
    39
  6
CONTINUOUS
 10
-2.134759
 20
-2.496015
  0
VERTEX
  8
LAYER_1
 62
    39
  6
CONTINUOUS
 10
-2.134615
 20
-2.496743
  0
VERTEX
  8
LAYER_1
 62
    39
  6
CONTINUOUS
 10
-2.134463
 20
-2.497471
  0
VERTEX
  8
LAYER_1
 62
    39
  6
CONTINUOUS
 10
-2.134304
 20
-2.498196
  0
VERTEX
  8
LAYER_1
 62
    39
  6
CONTINUOUS
 10
-2.134137
 20
-2.498920
  0
VERTEX
  8
LAYER_1
 62
    39
  6
CONTINUOUS
 10
-2.133962
 20
-2.499642
  0
VERTEX
  8
LAYER_1
 62
    39
  6
CONTINUOUS
 10
-2.133780
 20
-2.500362
  0
VERTEX
  8
LAYER_1
 62
    39
  6
CONTINUOUS
 10
-2.133590
 20
-2.501081
  0
VERTEX
  8
LAYER_1
 62
    39
  6
CONTINUOUS
 10
-2.133392
 20
-2.501797
  0
VERTEX
  8
LAYER_1
 62
    39
  6
CONTINUOUS
 10
-2.133187
 20
-2.502511
  0
VERTEX
  8
LAYER_1
 62
    39
  6
CONTINUOUS
 10
-2.132974
 20
-2.503222
  0
VERTEX
  8
LAYER_1
 62
    39
  6
CONTINUOUS
 10
-2.132753
 20
-2.503932
  0
VERTEX
  8
LAYER_1
 62
    39
  6
CONTINUOUS
 10
-2.132525
 20
-2.504639
  0
VERTEX
  8
LAYER_1
 62
    39
  6
CONTINUOUS
 10
-2.132290
 20
-2.505344
  0
VERTEX
  8
LAYER_1
 62
    39
  6
CONTINUOUS
 10
-2.132047
 20
-2.506046
  0
VERTEX
  8
LAYER_1
 62
    39
  6
CONTINUOUS
 10
-2.131797
 20
-2.506745
  0
VERTEX
  8
LAYER_1
 62
    39
  6
CONTINUOUS
 10
-2.131539
 20
-2.507442
  0
VERTEX
  8
LAYER_1
 62
    39
  6
CONTINUOUS
 10
-2.131274
 20
-2.508136
  0
VERTEX
  8
LAYER_1
 62
    39
  6
CONTINUOUS
 10
-2.131002
 20
-2.508827
  0
VERTEX
  8
LAYER_1
 62
    39
  6
CONTINUOUS
 10
-2.130722
 20
-2.509515
  0
VERTEX
  8
LAYER_1
 62
    39
  6
CONTINUOUS
 10
-2.130435
 20
-2.510201
  0
VERTEX
  8
LAYER_1
 62
    39
  6
CONTINUOUS
 10
-2.130140
 20
-2.510883
  0
VERTEX
  8
LAYER_1
 62
    39
  6
CONTINUOUS
 10
-2.129839
 20
-2.511562
  0
VERTEX
  8
LAYER_1
 62
    39
  6
CONTINUOUS
 10
-2.129530
 20
-2.512238
  0
VERTEX
  8
LAYER_1
 62
    39
  6
CONTINUOUS
 10
-2.129214
 20
-2.512910
  0
VERTEX
  8
LAYER_1
 62
    39
  6
CONTINUOUS
 10
-2.128891
 20
-2.513579
  0
VERTEX
  8
LAYER_1
 62
    39
  6
CONTINUOUS
 10
-2.128561
 20
-2.514245
  0
VERTEX
  8
LAYER_1
 62
    39
  6
CONTINUOUS
 10
-2.128224
 20
-2.514907
  0
VERTEX
  8
LAYER_1
 62
    39
  6
CONTINUOUS
 10
-2.127880
 20
-2.515565
  0
VERTEX
  8
LAYER_1
 62
    39
  6
CONTINUOUS
 10
-2.127529
 20
-2.516220
  0
VERTEX
  8
LAYER_1
 62
    39
  6
CONTINUOUS
 10
-2.127171
 20
-2.516871
  0
VERTEX
  8
LAYER_1
 62
    39
  6
CONTINUOUS
 10
-2.126806
 20
-2.517518
  0
VERTEX
  8
LAYER_1
 62
    39
  6
CONTINUOUS
 10
-2.126434
 20
-2.518161
  0
VERTEX
  8
LAYER_1
 62
    39
  6
CONTINUOUS
 10
-2.126056
 20
-2.518800
  0
VERTEX
  8
LAYER_1
 62
    39
  6
CONTINUOUS
 10
-2.125670
 20
-2.519435
  0
VERTEX
  8
LAYER_1
 62
    39
  6
CONTINUOUS
 10
-2.125278
 20
-2.520066
  0
VERTEX
  8
LAYER_1
 62
    39
  6
CONTINUOUS
 10
-2.124879
 20
-2.520693
  0
VERTEX
  8
LAYER_1
 62
    39
  6
CONTINUOUS
 10
-2.124474
 20
-2.521316
  0
VERTEX
  8
LAYER_1
 62
    39
  6
CONTINUOUS
 10
-2.124062
 20
-2.521934
  0
VERTEX
  8
LAYER_1
 62
    39
  6
CONTINUOUS
 10
-2.123644
 20
-2.522548
  0
VERTEX
  8
LAYER_1
 62
    39
  6
CONTINUOUS
 10
-2.123219
 20
-2.523157
  0
VERTEX
  8
LAYER_1
 62
    39
  6
CONTINUOUS
 10
-2.122787
 20
-2.523762
  0
VERTEX
  8
LAYER_1
 62
    39
  6
CONTINUOUS
 10
-2.122349
 20
-2.524362
  0
VERTEX
  8
LAYER_1
 62
    39
  6
CONTINUOUS
 10
-2.121905
 20
-2.524958
  0
VERTEX
  8
LAYER_1
 62
    39
  6
CONTINUOUS
 10
-2.121455
 20
-2.525549
  0
VERTEX
  8
LAYER_1
 62
    39
  6
CONTINUOUS
 10
-2.120998
 20
-2.526135
  0
VERTEX
  8
LAYER_1
 62
    39
  6
CONTINUOUS
 10
-2.120535
 20
-2.526716
  0
VERTEX
  8
LAYER_1
 62
    39
  6
CONTINUOUS
 10
-2.120066
 20
-2.527292
  0
VERTEX
  8
LAYER_1
 62
    39
  6
CONTINUOUS
 10
-2.119591
 20
-2.527863
  0
VERTEX
  8
LAYER_1
 62
    39
  6
CONTINUOUS
 10
-2.119110
 20
-2.528429
  0
VERTEX
  8
LAYER_1
 62
    39
  6
CONTINUOUS
 10
-2.118623
 20
-2.528990
  0
VERTEX
  8
LAYER_1
 62
    39
  6
CONTINUOUS
 10
-2.118130
 20
-2.529546
  0
VERTEX
  8
LAYER_1
 62
    39
  6
CONTINUOUS
 10
-2.117631
 20
-2.530096
  0
VERTEX
  8
LAYER_1
 62
    39
  6
CONTINUOUS
 10
-2.117126
 20
-2.530641
  0
VERTEX
  8
LAYER_1
 62
    39
  6
CONTINUOUS
 10
-2.116616
 20
-2.531181
  0
VERTEX
  8
LAYER_1
 62
    39
  6
CONTINUOUS
 10
-2.116099
 20
-2.531715
  0
VERTEX
  8
LAYER_1
 62
    39
  6
CONTINUOUS
 10
-2.115578
 20
-2.532244
  0
VERTEX
  8
LAYER_1
 62
    39
  6
CONTINUOUS
 10
-2.115050
 20
-2.532767
  0
VERTEX
  8
LAYER_1
 62
    39
  6
CONTINUOUS
 10
-2.114517
 20
-2.533285
  0
VERTEX
  8
LAYER_1
 62
    39
  6
CONTINUOUS
 10
-2.113979
 20
-2.533797
  0
VERTEX
  8
LAYER_1
 62
    39
  6
CONTINUOUS
 10
-2.113435
 20
-2.534303
  0
VERTEX
  8
LAYER_1
 62
    39
  6
CONTINUOUS
 10
-2.112886
 20
-2.534803
  0
VERTEX
  8
LAYER_1
 62
    39
  6
CONTINUOUS
 10
-2.112331
 20
-2.535298
  0
VERTEX
  8
LAYER_1
 62
    39
  6
CONTINUOUS
 10
-2.111772
 20
-2.535786
  0
VERTEX
  8
LAYER_1
 62
    39
  6
CONTINUOUS
 10
-2.111207
 20
-2.536269
  0
VERTEX
  8
LAYER_1
 62
    39
  6
CONTINUOUS
 10
-2.110637
 20
-2.536746
  0
VERTEX
  8
LAYER_1
 62
    39
  6
CONTINUOUS
 10
-2.110062
 20
-2.537216
  0
VERTEX
  8
LAYER_1
 62
    39
  6
CONTINUOUS
 10
-2.109482
 20
-2.537681
  0
VERTEX
  8
LAYER_1
 62
    39
  6
CONTINUOUS
 10
-2.108897
 20
-2.538139
  0
VERTEX
  8
LAYER_1
 62
    39
  6
CONTINUOUS
 10
-2.108308
 20
-2.538591
  0
VERTEX
  8
LAYER_1
 62
    39
  6
CONTINUOUS
 10
-2.107714
 20
-2.539036
  0
VERTEX
  8
LAYER_1
 62
    39
  6
CONTINUOUS
 10
-2.107114
 20
-2.539476
  0
VERTEX
  8
LAYER_1
 62
    39
  6
CONTINUOUS
 10
-2.106511
 20
-2.539909
  0
VERTEX
  8
LAYER_1
 62
    39
  6
CONTINUOUS
 10
-2.105902
 20
-2.540335
  0
VERTEX
  8
LAYER_1
 62
    39
  6
CONTINUOUS
 10
-2.105290
 20
-2.540755
  0
VERTEX
  8
LAYER_1
 62
    39
  6
CONTINUOUS
 10
-2.104673
 20
-2.541169
  0
VERTEX
  8
LAYER_1
 62
    39
  6
CONTINUOUS
 10
-2.104051
 20
-2.541576
  0
VERTEX
  8
LAYER_1
 62
    39
  6
CONTINUOUS
 10
-2.103425
 20
-2.541976
  0
VERTEX
  8
LAYER_1
 62
    39
  6
CONTINUOUS
 10
-2.102795
 20
-2.542370
  0
VERTEX
  8
LAYER_1
 62
    39
  6
CONTINUOUS
 10
-2.102161
 20
-2.542757
  0
VERTEX
  8
LAYER_1
 62
    39
  6
CONTINUOUS
 10
-2.101523
 20
-2.543137
  0
VERTEX
  8
LAYER_1
 62
    39
  6
CONTINUOUS
 10
-2.100881
 20
-2.543511
  0
VERTEX
  8
LAYER_1
 62
    39
  6
CONTINUOUS
 10
-2.100234
 20
-2.543877
  0
VERTEX
  8
LAYER_1
 62
    39
  6
CONTINUOUS
 10
-2.099584
 20
-2.544237
  0
VERTEX
  8
LAYER_1
 62
    39
  6
CONTINUOUS
 10
-2.098931
 20
-2.544590
  0
VERTEX
  8
LAYER_1
 62
    39
  6
CONTINUOUS
 10
-2.098273
 20
-2.544936
  0
VERTEX
  8
LAYER_1
 62
    39
  6
CONTINUOUS
 10
-2.097612
 20
-2.545274
  0
VERTEX
  8
LAYER_1
 62
    39
  6
CONTINUOUS
 10
-2.096947
 20
-2.545606
  0
VERTEX
  8
LAYER_1
 62
    39
  6
CONTINUOUS
 10
-2.096279
 20
-2.545931
  0
VERTEX
  8
LAYER_1
 62
    39
  6
CONTINUOUS
 10
-2.095607
 20
-2.546249
  0
VERTEX
  8
LAYER_1
 62
    39
  6
CONTINUOUS
 10
-2.094932
 20
-2.546559
  0
VERTEX
  8
LAYER_1
 62
    39
  6
CONTINUOUS
 10
-2.094254
 20
-2.546862
  0
VERTEX
  8
LAYER_1
 62
    39
  6
CONTINUOUS
 10
-2.093573
 20
-2.547159
  0
VERTEX
  8
LAYER_1
 62
    39
  6
CONTINUOUS
 10
-2.092888
 20
-2.547447
  0
VERTEX
  8
LAYER_1
 62
    39
  6
CONTINUOUS
 10
-2.092201
 20
-2.547729
  0
VERTEX
  8
LAYER_1
 62
    39
  6
CONTINUOUS
 10
-2.091511
 20
-2.548003
  0
VERTEX
  8
LAYER_1
 62
    39
  6
CONTINUOUS
 10
-2.090817
 20
-2.548270
  0
VERTEX
  8
LAYER_1
 62
    39
  6
CONTINUOUS
 10
-2.090121
 20
-2.548530
  0
VERTEX
  8
LAYER_1
 62
    39
  6
CONTINUOUS
 10
-2.089422
 20
-2.548782
  0
VERTEX
  8
LAYER_1
 62
    39
  6
CONTINUOUS
 10
-2.088721
 20
-2.549026
  0
VERTEX
  8
LAYER_1
 62
    39
  6
CONTINUOUS
 10
-2.088017
 20
-2.549264
  0
VERTEX
  8
LAYER_1
 62
    39
  6
CONTINUOUS
 10
-2.087310
 20
-2.549493
  0
VERTEX
  8
LAYER_1
 62
    39
  6
CONTINUOUS
 10
-2.086601
 20
-2.549716
  0
VERTEX
  8
LAYER_1
 62
    39
  6
CONTINUOUS
 10
-2.085890
 20
-2.549930
  0
VERTEX
  8
LAYER_1
 62
    39
  6
CONTINUOUS
 10
-2.085177
 20
-2.550138
  0
VERTEX
  8
LAYER_1
 62
    39
  6
CONTINUOUS
 10
-2.084461
 20
-2.550337
  0
VERTEX
  8
LAYER_1
 62
    39
  6
CONTINUOUS
 10
-2.083743
 20
-2.550529
  0
VERTEX
  8
LAYER_1
 62
    39
  6
CONTINUOUS
 10
-2.083024
 20
-2.550713
  0
VERTEX
  8
LAYER_1
 62
    39
  6
CONTINUOUS
 10
-2.082302
 20
-2.550890
  0
VERTEX
  8
LAYER_1
 62
    39
  6
CONTINUOUS
 10
-2.081579
 20
-2.551059
  0
VERTEX
  8
LAYER_1
 62
    39
  6
CONTINUOUS
 10
-2.080853
 20
-2.551220
  0
VERTEX
  8
LAYER_1
 62
    39
  6
CONTINUOUS
 10
-2.080127
 20
-2.551374
  0
VERTEX
  8
LAYER_1
 62
    39
  6
CONTINUOUS
 10
-2.079398
 20
-2.551520
  0
VERTEX
  8
LAYER_1
 62
    39
  6
CONTINUOUS
 10
-2.078668
 20
-2.551658
  0
VERTEX
  8
LAYER_1
 62
    39
  6
CONTINUOUS
 10
-2.077937
 20
-2.551788
  0
VERTEX
  8
LAYER_1
 62
    39
  6
CONTINUOUS
 10
-2.077204
 20
-2.551911
  0
VERTEX
  8
LAYER_1
 62
    39
  6
CONTINUOUS
 10
-2.076470
 20
-2.552026
  0
VERTEX
  8
LAYER_1
 62
    39
  6
CONTINUOUS
 10
-2.075735
 20
-2.552133
  0
VERTEX
  8
LAYER_1
 62
    39
  6
CONTINUOUS
 10
-2.074999
 20
-2.552232
  0
VERTEX
  8
LAYER_1
 62
    39
  6
CONTINUOUS
 10
-2.074261
 20
-2.552324
  0
VERTEX
  8
LAYER_1
 62
    39
  6
CONTINUOUS
 10
-2.073523
 20
-2.552407
  0
VERTEX
  8
LAYER_1
 62
    39
  6
CONTINUOUS
 10
-2.072784
 20
-2.552483
  0
VERTEX
  8
LAYER_1
 62
    39
  6
CONTINUOUS
 10
-2.072044
 20
-2.552551
  0
VERTEX
  8
LAYER_1
 62
    39
  6
CONTINUOUS
 10
-2.071304
 20
-2.552611
  0
VERTEX
  8
LAYER_1
 62
    39
  6
CONTINUOUS
 10
-2.070563
 20
-2.552663
  0
VERTEX
  8
LAYER_1
 62
    39
  6
CONTINUOUS
 10
-2.069821
 20
-2.552708
  0
VERTEX
  8
LAYER_1
 62
    39
  6
CONTINUOUS
 10
-2.069079
 20
-2.552744
  0
VERTEX
  8
LAYER_1
 62
    39
  6
CONTINUOUS
 10
-2.068337
 20
-2.552773
  0
VERTEX
  8
LAYER_1
 62
    39
  6
CONTINUOUS
 10
-2.067594
 20
-2.552793
  0
VERTEX
  8
LAYER_1
 62
    39
  6
CONTINUOUS
 10
-2.066851
 20
-2.552806
  0
VERTEX
  8
LAYER_1
 62
    39
  6
CONTINUOUS
 10
-2.066108
 20
-2.552811
  0
VERTEX
  8
LAYER_1
 62
    39
  6
CONTINUOUS
 10
-2.065366
 20
-2.552808
  0
VERTEX
  8
LAYER_1
 62
    39
  6
CONTINUOUS
 10
-2.064623
 20
-2.552797
  0
VERTEX
  8
LAYER_1
 62
    39
  6
CONTINUOUS
 10
-2.063880
 20
-2.552778
  0
VERTEX
  8
LAYER_1
 62
    39
  6
CONTINUOUS
 10
-2.063138
 20
-2.552752
  0
VERTEX
  8
LAYER_1
 62
    39
  6
CONTINUOUS
 10
-2.062395
 20
-2.552717
  0
VERTEX
  8
LAYER_1
 62
    39
  6
CONTINUOUS
 10
-2.061654
 20
-2.552675
  0
VERTEX
  8
LAYER_1
 62
    39
  6
CONTINUOUS
 10
-2.060913
 20
-2.552625
  0
VERTEX
  8
LAYER_1
 62
    39
  6
CONTINUOUS
 10
-2.060172
 20
-2.552567
  0
VERTEX
  8
LAYER_1
 62
    39
  6
CONTINUOUS
 10
-2.059432
 20
-2.552501
  0
VERTEX
  8
LAYER_1
 62
    39
  6
CONTINUOUS
 10
-2.058693
 20
-2.552427
  0
VERTEX
  8
LAYER_1
 62
    39
  6
CONTINUOUS
 10
-2.057954
 20
-2.552345
  0
VERTEX
  8
LAYER_1
 62
    39
  6
CONTINUOUS
 10
-2.057217
 20
-2.552256
  0
VERTEX
  8
LAYER_1
 62
    39
  6
CONTINUOUS
 10
-2.056480
 20
-2.552159
  0
VERTEX
  8
LAYER_1
 62
    39
  6
CONTINUOUS
 10
-2.055745
 20
-2.552053
  0
VERTEX
  8
LAYER_1
 62
    39
  6
CONTINUOUS
 10
-2.055010
 20
-2.551940
  0
VERTEX
  8
LAYER_1
 62
    39
  6
CONTINUOUS
 10
-2.054277
 20
-2.551820
  0
VERTEX
  8
LAYER_1
 62
    39
  6
CONTINUOUS
 10
-2.053546
 20
-2.551691
  0
VERTEX
  8
LAYER_1
 62
    39
  6
CONTINUOUS
 10
-2.052815
 20
-2.551555
  0
VERTEX
  8
LAYER_1
 62
    39
  6
CONTINUOUS
 10
-2.052087
 20
-2.551411
  0
VERTEX
  8
LAYER_1
 62
    39
  6
CONTINUOUS
 10
-2.051359
 20
-2.551259
  0
VERTEX
  8
LAYER_1
 62
    39
  6
CONTINUOUS
 10
-2.050634
 20
-2.551100
  0
VERTEX
  8
LAYER_1
 62
    39
  6
CONTINUOUS
 10
-2.049910
 20
-2.550933
  0
VERTEX
  8
LAYER_1
 62
    39
  6
CONTINUOUS
 10
-2.049188
 20
-2.550758
  0
VERTEX
  8
LAYER_1
 62
    39
  6
CONTINUOUS
 10
-2.048468
 20
-2.550576
  0
VERTEX
  8
LAYER_1
 62
    39
  6
CONTINUOUS
 10
-2.047749
 20
-2.550386
  0
VERTEX
  8
LAYER_1
 62
    39
  6
CONTINUOUS
 10
-2.047033
 20
-2.550188
  0
VERTEX
  8
LAYER_1
 62
    39
  6
CONTINUOUS
 10
-2.046319
 20
-2.549983
  0
VERTEX
  8
LAYER_1
 62
    39
  6
CONTINUOUS
 10
-2.045607
 20
-2.549770
  0
VERTEX
  8
LAYER_1
 62
    39
  6
CONTINUOUS
 10
-2.044898
 20
-2.549550
  0
VERTEX
  8
LAYER_1
 62
    39
  6
CONTINUOUS
 10
-2.044191
 20
-2.549322
  0
VERTEX
  8
LAYER_1
 62
    39
  6
CONTINUOUS
 10
-2.043486
 20
-2.549086
  0
VERTEX
  8
LAYER_1
 62
    39
  6
CONTINUOUS
 10
-2.042784
 20
-2.548844
  0
VERTEX
  8
LAYER_1
 62
    39
  6
CONTINUOUS
 10
-2.042085
 20
-2.548593
  0
VERTEX
  8
LAYER_1
 62
    39
  6
CONTINUOUS
 10
-2.041388
 20
-2.548336
  0
VERTEX
  8
LAYER_1
 62
    39
  6
CONTINUOUS
 10
-2.040694
 20
-2.548070
  0
VERTEX
  8
LAYER_1
 62
    39
  6
CONTINUOUS
 10
-2.040003
 20
-2.547798
  0
VERTEX
  8
LAYER_1
 62
    39
  6
CONTINUOUS
 10
-2.039314
 20
-2.547518
  0
VERTEX
  8
LAYER_1
 62
    39
  6
CONTINUOUS
 10
-2.038629
 20
-2.547231
  0
VERTEX
  8
LAYER_1
 62
    39
  6
CONTINUOUS
 10
-2.037947
 20
-2.546937
  0
VERTEX
  8
LAYER_1
 62
    39
  6
CONTINUOUS
 10
-2.037268
 20
-2.546636
  0
VERTEX
  8
LAYER_1
 62
    39
  6
CONTINUOUS
 10
-2.036592
 20
-2.546327
  0
VERTEX
  8
LAYER_1
 62
    39
  6
CONTINUOUS
 10
-2.035920
 20
-2.546011
  0
VERTEX
  8
LAYER_1
 62
    39
  6
CONTINUOUS
 10
-2.035251
 20
-2.545688
  0
VERTEX
  8
LAYER_1
 62
    39
  6
CONTINUOUS
 10
-2.034585
 20
-2.545358
  0
VERTEX
  8
LAYER_1
 62
    39
  6
CONTINUOUS
 10
-2.033923
 20
-2.545021
  0
VERTEX
  8
LAYER_1
 62
    39
  6
CONTINUOUS
 10
-2.033265
 20
-2.544677
  0
VERTEX
  8
LAYER_1
 62
    39
  6
CONTINUOUS
 10
-2.032610
 20
-2.544326
  0
VERTEX
  8
LAYER_1
 62
    39
  6
CONTINUOUS
 10
-2.031959
 20
-2.543968
  0
VERTEX
  8
LAYER_1
 62
    39
  6
CONTINUOUS
 10
-2.031312
 20
-2.543603
  0
VERTEX
  8
LAYER_1
 62
    39
  6
CONTINUOUS
 10
-2.030669
 20
-2.543231
  0
VERTEX
  8
LAYER_1
 62
    39
  6
CONTINUOUS
 10
-2.030029
 20
-2.542853
  0
VERTEX
  8
LAYER_1
 62
    39
  6
CONTINUOUS
 10
-2.029394
 20
-2.542467
  0
VERTEX
  8
LAYER_1
 62
    39
  6
CONTINUOUS
 10
-2.028763
 20
-2.542075
  0
VERTEX
  8
LAYER_1
 62
    39
  6
CONTINUOUS
 10
-2.028136
 20
-2.541676
  0
VERTEX
  8
LAYER_1
 62
    39
  6
CONTINUOUS
 10
-2.027514
 20
-2.541271
  0
VERTEX
  8
LAYER_1
 62
    39
  6
CONTINUOUS
 10
-2.026895
 20
-2.540859
  0
VERTEX
  8
LAYER_1
 62
    39
  6
CONTINUOUS
 10
-2.026282
 20
-2.540441
  0
VERTEX
  8
LAYER_1
 62
    39
  6
CONTINUOUS
 10
-2.025672
 20
-2.540016
  0
VERTEX
  8
LAYER_1
 62
    39
  6
CONTINUOUS
 10
-2.025067
 20
-2.539584
  0
VERTEX
  8
LAYER_1
 62
    39
  6
CONTINUOUS
 10
-2.024467
 20
-2.539147
  0
VERTEX
  8
LAYER_1
 62
    39
  6
CONTINUOUS
 10
-2.023872
 20
-2.538703
  0
VERTEX
  8
LAYER_1
 62
    39
  6
CONTINUOUS
 10
-2.023281
 20
-2.538252
  0
VERTEX
  8
LAYER_1
 62
    39
  6
CONTINUOUS
 10
-2.022695
 20
-2.537795
  0
VERTEX
  8
LAYER_1
 62
    39
  6
CONTINUOUS
 10
-2.022114
 20
-2.537333
  0
VERTEX
  8
LAYER_1
 62
    39
  6
CONTINUOUS
 10
-2.021537
 20
-2.536864
  0
VERTEX
  8
LAYER_1
 62
    39
  6
CONTINUOUS
 10
-2.020966
 20
-2.536388
  0
VERTEX
  8
LAYER_1
 62
    39
  6
CONTINUOUS
 10
-2.020400
 20
-2.535907
  0
VERTEX
  8
LAYER_1
 62
    39
  6
CONTINUOUS
 10
-2.019839
 20
-2.535420
  0
VERTEX
  8
LAYER_1
 62
    39
  6
CONTINUOUS
 10
-2.019284
 20
-2.534927
  0
VERTEX
  8
LAYER_1
 62
    39
  6
CONTINUOUS
 10
-2.018733
 20
-2.534428
  0
VERTEX
  8
LAYER_1
 62
    39
  6
CONTINUOUS
 10
-2.018188
 20
-2.533924
  0
VERTEX
  8
LAYER_1
 62
    39
  6
CONTINUOUS
 10
-2.017648
 20
-2.533413
  0
VERTEX
  8
LAYER_1
 62
    39
  6
CONTINUOUS
 10
-2.017114
 20
-2.532897
  0
VERTEX
  8
LAYER_1
 62
    39
  6
CONTINUOUS
 10
-2.016585
 20
-2.532375
  0
VERTEX
  8
LAYER_1
 62
    39
  6
CONTINUOUS
 10
-2.016062
 20
-2.531848
  0
VERTEX
  8
LAYER_1
 62
    39
  6
CONTINUOUS
 10
-2.015544
 20
-2.531315
  0
VERTEX
  8
LAYER_1
 62
    39
  6
CONTINUOUS
 10
-2.015032
 20
-2.530776
  0
VERTEX
  8
LAYER_1
 62
    39
  6
CONTINUOUS
 10
-2.014526
 20
-2.530233
  0
VERTEX
  8
LAYER_1
 62
    39
  6
CONTINUOUS
 10
-2.014026
 20
-2.529684
  0
VERTEX
  8
LAYER_1
 62
    39
  6
CONTINUOUS
 10
-2.013531
 20
-2.529129
  0
VERTEX
  8
LAYER_1
 62
    39
  6
CONTINUOUS
 10
-2.013043
 20
-2.528569
  0
VERTEX
  8
LAYER_1
 62
    39
  6
CONTINUOUS
 10
-2.012560
 20
-2.528005
  0
VERTEX
  8
LAYER_1
 62
    39
  6
CONTINUOUS
 10
-2.012083
 20
-2.527435
  0
VERTEX
  8
LAYER_1
 62
    39
  6
CONTINUOUS
 10
-2.011613
 20
-2.526860
  0
VERTEX
  8
LAYER_1
 62
    39
  6
CONTINUOUS
 10
-2.011148
 20
-2.526280
  0
VERTEX
  8
LAYER_1
 62
    39
  6
CONTINUOUS
 10
-2.010690
 20
-2.525695
  0
VERTEX
  8
LAYER_1
 62
    39
  6
CONTINUOUS
 10
-2.010238
 20
-2.525106
  0
VERTEX
  8
LAYER_1
 62
    39
  6
CONTINUOUS
 10
-2.009792
 20
-2.524511
  0
VERTEX
  8
LAYER_1
 62
    39
  6
CONTINUOUS
 10
-2.009353
 20
-2.523912
  0
VERTEX
  8
LAYER_1
 62
    39
  6
CONTINUOUS
 10
-2.008920
 20
-2.523309
  0
VERTEX
  8
LAYER_1
 62
    39
  6
CONTINUOUS
 10
-2.008493
 20
-2.522700
  0
VERTEX
  8
LAYER_1
 62
    39
  6
CONTINUOUS
 10
-2.008073
 20
-2.522088
  0
VERTEX
  8
LAYER_1
 62
    39
  6
CONTINUOUS
 10
-2.007660
 20
-2.521471
  0
VERTEX
  8
LAYER_1
 62
    39
  6
CONTINUOUS
 10
-2.007253
 20
-2.520849
  0
VERTEX
  8
LAYER_1
 62
    39
  6
CONTINUOUS
 10
-2.006852
 20
-2.520223
  0
VERTEX
  8
LAYER_1
 62
    39
  6
CONTINUOUS
 10
-2.006458
 20
-2.519593
  0
VERTEX
  8
LAYER_1
 62
    39
  6
CONTINUOUS
 10
-2.006071
 20
-2.518959
  0
VERTEX
  8
LAYER_1
 62
    39
  6
CONTINUOUS
 10
-2.005691
 20
-2.518321
  0
VERTEX
  8
LAYER_1
 62
    39
  6
CONTINUOUS
 10
-2.005318
 20
-2.517679
  0
VERTEX
  8
LAYER_1
 62
    39
  6
CONTINUOUS
 10
-2.004951
 20
-2.517032
  0
VERTEX
  8
LAYER_1
 62
    39
  6
CONTINUOUS
 10
-2.004591
 20
-2.516382
  0
VERTEX
  8
LAYER_1
 62
    39
  6
CONTINUOUS
 10
-2.004239
 20
-2.515729
  0
VERTEX
  8
LAYER_1
 62
    39
  6
CONTINUOUS
 10
-2.003893
 20
-2.515071
  0
VERTEX
  8
LAYER_1
 62
    39
  6
CONTINUOUS
 10
-2.003554
 20
-2.514410
  0
VERTEX
  8
LAYER_1
 62
    39
  6
CONTINUOUS
 10
-2.003222
 20
-2.513745
  0
VERTEX
  8
LAYER_1
 62
    39
  6
CONTINUOUS
 10
-2.002897
 20
-2.513077
  0
VERTEX
  8
LAYER_1
 62
    39
  6
CONTINUOUS
 10
-2.002579
 20
-2.512406
  0
VERTEX
  8
LAYER_1
 62
    39
  6
CONTINUOUS
 10
-2.002269
 20
-2.511731
  0
VERTEX
  8
LAYER_1
 62
    39
  6
CONTINUOUS
 10
-2.001966
 20
-2.511053
  0
VERTEX
  8
LAYER_1
 62
    39
  6
CONTINUOUS
 10
-2.001670
 20
-2.510371
  0
VERTEX
  8
LAYER_1
 62
    39
  6
CONTINUOUS
 10
-2.001381
 20
-2.509687
  0
VERTEX
  8
LAYER_1
 62
    39
  6
CONTINUOUS
 10
-2.001099
 20
-2.508999
  0
VERTEX
  8
LAYER_1
 62
    39
  6
CONTINUOUS
 10
-2.000825
 20
-2.508309
  0
VERTEX
  8
LAYER_1
 62
    39
  6
CONTINUOUS
 10
-2.000558
 20
-2.507616
  0
VERTEX
  8
LAYER_1
 62
    39
  6
CONTINUOUS
 10
-2.000298
 20
-2.506919
  0
VERTEX
  8
LAYER_1
 62
    39
  6
CONTINUOUS
 10
-2.000046
 20
-2.506221
  0
VERTEX
  8
LAYER_1
 62
    39
  6
CONTINUOUS
 10
-1.999801
 20
-2.505519
  0
VERTEX
  8
LAYER_1
 62
    39
  6
CONTINUOUS
 10
-1.999564
 20
-2.504815
  0
VERTEX
  8
LAYER_1
 62
    39
  6
CONTINUOUS
 10
-1.999334
 20
-2.504109
  0
VERTEX
  8
LAYER_1
 62
    39
  6
CONTINUOUS
 10
-1.999112
 20
-2.503400
  0
VERTEX
  8
LAYER_1
 62
    39
  6
CONTINUOUS
 10
-1.998897
 20
-2.502689
  0
VERTEX
  8
LAYER_1
 62
    39
  6
CONTINUOUS
 10
-1.998690
 20
-2.501975
  0
VERTEX
  8
LAYER_1
 62
    39
  6
CONTINUOUS
 10
-1.998491
 20
-2.501259
  0
VERTEX
  8
LAYER_1
 62
    39
  6
CONTINUOUS
 10
-1.998299
 20
-2.500542
  0
VERTEX
  8
LAYER_1
 62
    39
  6
CONTINUOUS
 10
-1.998114
 20
-2.499822
  0
VERTEX
  8
LAYER_1
 62
    39
  6
CONTINUOUS
 10
-1.997937
 20
-2.499101
  0
VERTEX
  8
LAYER_1
 62
    39
  6
CONTINUOUS
 10
-1.997768
 20
-2.498377
  0
VERTEX
  8
LAYER_1
 62
    39
  6
CONTINUOUS
 10
-1.997607
 20
-2.497652
  0
VERTEX
  8
LAYER_1
 62
    39
  6
CONTINUOUS
 10
-1.997453
 20
-2.496925
  0
VERTEX
  8
LAYER_1
 62
    39
  6
CONTINUOUS
 10
-1.997307
 20
-2.496197
  0
VERTEX
  8
LAYER_1
 62
    39
  6
CONTINUOUS
 10
-1.997169
 20
-2.495467
  0
VERTEX
  8
LAYER_1
 62
    39
  6
CONTINUOUS
 10
-1.997039
 20
-2.494735
  0
VERTEX
  8
LAYER_1
 62
    39
  6
CONTINUOUS
 10
-1.996916
 20
-2.494003
  0
VERTEX
  8
LAYER_1
 62
    39
  6
CONTINUOUS
 10
-1.996801
 20
-2.493269
  0
VERTEX
  8
LAYER_1
 62
    39
  6
CONTINUOUS
 10
-1.996694
 20
-2.492533
  0
VERTEX
  8
LAYER_1
 62
    39
  6
CONTINUOUS
 10
-1.996595
 20
-2.491797
  0
VERTEX
  8
LAYER_1
 62
    39
  6
CONTINUOUS
 10
-1.996503
 20
-2.491060
  0
VERTEX
  8
LAYER_1
 62
    39
  6
CONTINUOUS
 10
-1.996420
 20
-2.490322
  0
VERTEX
  8
LAYER_1
 62
    39
  6
CONTINUOUS
 10
-1.996344
 20
-2.489583
  0
VERTEX
  8
LAYER_1
 62
    39
  6
CONTINUOUS
 10
-1.996276
 20
-2.488843
  0
VERTEX
  8
LAYER_1
 62
    39
  6
CONTINUOUS
 10
-1.996216
 20
-2.488102
  0
VERTEX
  8
LAYER_1
 62
    39
  6
CONTINUOUS
 10
-1.996164
 20
-2.487361
  0
VERTEX
  8
LAYER_1
 62
    39
  6
CONTINUOUS
 10
-1.996119
 20
-2.486620
  0
VERTEX
  8
LAYER_1
 62
    39
  6
CONTINUOUS
 10
-1.996083
 20
-2.485878
  0
VERTEX
  8
LAYER_1
 62
    39
  6
CONTINUOUS
 10
-1.996054
 20
-2.485135
  0
VERTEX
  8
LAYER_1
 62
    39
  6
CONTINUOUS
 10
-1.996034
 20
-2.484393
  0
VERTEX
  8
LAYER_1
 62
    39
  6
CONTINUOUS
 10
-1.996021
 20
-2.483650
  0
VERTEX
  8
LAYER_1
 62
    39
  6
CONTINUOUS
 10
-1.996016
 20
-2.482907
  0
SEQEND
  8
0
  0
LINE
  8
LAYER_1
 62
    39
  6
CONTINUOUS
 10
-1.996016
 20
-2.482811
 11
-1.996016
 21
-2.482811
  0
POLYLINE
  8
LAYER_1
 62
    39
  6
CONTINUOUS
 66
     1
 40
0.003000
 41
0.003000
 70
     1
  0
VERTEX
  8
LAYER_1
 62
    39
  6
CONTINUOUS
 10
-2.829839
 20
-0.941094
  0
VERTEX
  8
LAYER_1
 62
    39
  6
CONTINUOUS
 10
-2.993972
 20
-1.035854
  0
VERTEX
  8
LAYER_1
 62
    39
  6
CONTINUOUS
 10
-3.073272
 20
-1.269220
  0
VERTEX
  8
LAYER_1
 62
    39
  6
CONTINUOUS
 10
-2.588008
 20
-2.109720
  0
VERTEX
  8
LAYER_1
 62
    39
  6
CONTINUOUS
 10
-2.342374
 20
-2.160291
  0
VERTEX
  8
LAYER_1
 62
    39
  6
CONTINUOUS
 10
-2.180043
 20
-2.066571
  0
SEQEND
  8
0
  0
POLYLINE
  8
LAYER_1
 62
    39
  6
CONTINUOUS
 66
     1
 40
0.003000
 41
0.003000
 70
     1
  0
VERTEX
  8
LAYER_1
 62
    39
  6
CONTINUOUS
 10
-1.855870
 20
-0.378772
  0
VERTEX
  8
LAYER_1
 62
    39
  6
CONTINUOUS
 10
-1.691736
 20
-0.284008
  0
VERTEX
  8
LAYER_1
 62
    39
  6
CONTINUOUS
 10
-1.456236
 20
-0.321193
  0
VERTEX
  8
LAYER_1
 62
    39
  6
CONTINUOUS
 10
-0.961598
 20
-1.177925
  0
VERTEX
  8
LAYER_1
 62
    39
  6
CONTINUOUS
 10
-1.043744
 20
-1.410528
  0
VERTEX
  8
LAYER_1
 62
    39
  6
CONTINUOUS
 10
-1.206075
 20
-1.504248
  0
SEQEND
  8
0
  0
POLYLINE
  8
LAYER_1
 62
    39
  6
CONTINUOUS
 66
     1
 40
0.003000
 41
0.003000
 70
     1
  0
VERTEX
  8
LAYER_1
 62
    39
  6
CONTINUOUS
 10
-2.931953
 20
-1.137638
  0
VERTEX
  8
LAYER_1
 62
    39
  6
CONTINUOUS
 10
-2.916760
 20
-1.133620
  0
VERTEX
  8
LAYER_1
 62
    39
  6
CONTINUOUS
 10
-2.902001
 20
-1.137573
  0
VERTEX
  8
LAYER_1
 62
    39
  6
CONTINUOUS
 10
-2.890850
 20
-1.148650
  0
VERTEX
  8
LAYER_1
 62
    39
  6
CONTINUOUS
 10
-2.886833
 20
-1.163842
  0
VERTEX
  8
LAYER_1
 62
    39
  6
CONTINUOUS
 10
-2.890788
 20
-1.178601
  0
VERTEX
  8
LAYER_1
 62
    39
  6
CONTINUOUS
 10
-2.901862
 20
-1.189752
  0
VERTEX
  8
LAYER_1
 62
    39
  6
CONTINUOUS
 10
-2.917057
 20
-1.193769
  0
VERTEX
  8
LAYER_1
 62
    39
  6
CONTINUOUS
 10
-2.931818
 20
-1.189815
  0
VERTEX
  8
LAYER_1
 62
    39
  6
CONTINUOUS
 10
-2.942969
 20
-1.178740
  0
VERTEX
  8
LAYER_1
 62
    39
  6
CONTINUOUS
 10
-2.946986
 20
-1.163545
  0
VERTEX
  8
LAYER_1
 62
    39
  6
CONTINUOUS
 10
-2.943030
 20
-1.148786
  0
SEQEND
  8
0
  0
POLYLINE
  8
LAYER_1
 62
    39
  6
CONTINUOUS
 66
     1
 40
0.003000
 41
0.003000
 70
     1
  0
VERTEX
  8
LAYER_1
 62
    39
  6
CONTINUOUS
 10
-2.432051
 20
-2.003492
  0
VERTEX
  8
LAYER_1
 62
    39
  6
CONTINUOUS
 10
-2.416859
 20
-1.999475
  0
VERTEX
  8
LAYER_1
 62
    39
  6
CONTINUOUS
 10
-2.402099
 20
-2.003429
  0
VERTEX
  8
LAYER_1
 62
    39
  6
CONTINUOUS
 10
-2.390949
 20
-2.014504
  0
VERTEX
  8
LAYER_1
 62
    39
  6
CONTINUOUS
 10
-2.386931
 20
-2.029699
  0
VERTEX
  8
LAYER_1
 62
    39
  6
CONTINUOUS
 10
-2.390886
 20
-2.044460
  0
VERTEX
  8
LAYER_1
 62
    39
  6
CONTINUOUS
 10
-2.401961
 20
-2.055610
  0
VERTEX
  8
LAYER_1
 62
    39
  6
CONTINUOUS
 10
-2.417156
 20
-2.059627
  0
VERTEX
  8
LAYER_1
 62
    39
  6
CONTINUOUS
 10
-2.431916
 20
-2.055672
  0
VERTEX
  8
LAYER_1
 62
    39
  6
CONTINUOUS
 10
-2.443067
 20
-2.044594
  0
VERTEX
  8
LAYER_1
 62
    39
  6
CONTINUOUS
 10
-2.447084
 20
-2.029402
  0
VERTEX
  8
LAYER_1
 62
    39
  6
CONTINUOUS
 10
-2.443128
 20
-2.014643
  0
SEQEND
  8
0
  0
POLYLINE
  8
LAYER_1
 62
    39
  6
CONTINUOUS
 66
     1
 40
0.003000
 41
0.003000
 70
     1
  0
VERTEX
  8
LAYER_1
 62
    39
  6
CONTINUOUS
 10
-1.633150
 20
-0.387772
  0
VERTEX
  8
LAYER_1
 62
    39
  6
CONTINUOUS
 10
-1.617957
 20
-0.383754
  0
VERTEX
  8
LAYER_1
 62
    39
  6
CONTINUOUS
 10
-1.603198
 20
-0.387710
  0
VERTEX
  8
LAYER_1
 62
    39
  6
CONTINUOUS
 10
-1.592047
 20
-0.398787
  0
VERTEX
  8
LAYER_1
 62
    39
  6
CONTINUOUS
 10
-1.588030
 20
-0.413980
  0
VERTEX
  8
LAYER_1
 62
    39
  6
CONTINUOUS
 10
-1.591986
 20
-0.428739
  0
VERTEX
  8
LAYER_1
 62
    39
  6
CONTINUOUS
 10
-1.603063
 20
-0.439890
  0
VERTEX
  8
LAYER_1
 62
    39
  6
CONTINUOUS
 10
-1.618255
 20
-0.443907
  0
VERTEX
  8
LAYER_1
 62
    39
  6
CONTINUOUS
 10
-1.633015
 20
-0.439952
  0
VERTEX
  8
LAYER_1
 62
    39
  6
CONTINUOUS
 10
-1.644165
 20
-0.428878
  0
VERTEX
  8
LAYER_1
 62
    39
  6
CONTINUOUS
 10
-1.648183
 20
-0.413683
  0
VERTEX
  8
LAYER_1
 62
    39
  6
CONTINUOUS
 10
-1.644227
 20
-0.398922
  0
SEQEND
  8
0
  0
POLYLINE
  8
LAYER_1
 62
    39
  6
CONTINUOUS
 66
     1
 40
0.003000
 41
0.003000
 70
     1
  0
VERTEX
  8
LAYER_1
 62
    39
  6
CONTINUOUS
 10
-1.133248
 20
-1.253626
  0
VERTEX
  8
LAYER_1
 62
    39
  6
CONTINUOUS
 10
-1.118056
 20
-1.249609
  0
VERTEX
  8
LAYER_1
 62
    39
  6
CONTINUOUS
 10
-1.103296
 20
-1.253564
  0
VERTEX
  8
LAYER_1
 62
    39
  6
CONTINUOUS
 10
-1.092146
 20
-1.264642
  0
VERTEX
  8
LAYER_1
 62
    39
  6
CONTINUOUS
 10
-1.088128
 20
-1.279834
  0
VERTEX
  8
LAYER_1
 62
    39
  6
CONTINUOUS
 10
-1.092084
 20
-1.294594
  0
VERTEX
  8
LAYER_1
 62
    39
  6
CONTINUOUS
 10
-1.103161
 20
-1.305744
  0
VERTEX
  8
LAYER_1
 62
    39
  6
CONTINUOUS
 10
-1.118354
 20
-1.309761
  0
VERTEX
  8
LAYER_1
 62
    39
  6
CONTINUOUS
 10
-1.133113
 20
-1.305807
  0
VERTEX
  8
LAYER_1
 62
    39
  6
CONTINUOUS
 10
-1.144264
 20
-1.294732
  0
VERTEX
  8
LAYER_1
 62
    39
  6
CONTINUOUS
 10
-1.148281
 20
-1.279537
  0
VERTEX
  8
LAYER_1
 62
    39
  6
CONTINUOUS
 10
-1.144325
 20
-1.264777
  0
SEQEND
  8
0
  0
POLYLINE
  8
LAYER_1
 62
    39
  6
CONTINUOUS
 66
     1
 40
0.003000
 41
0.003000
 70
     1
  0
VERTEX
  8
LAYER_1
 62
    39
  6
CONTINUOUS
 10
-2.441748
 20
-0.841350
  0
VERTEX
  8
LAYER_1
 62
    39
  6
CONTINUOUS
 10
-2.426599
 20
-0.837344
  0
VERTEX
  8
LAYER_1
 62
    39
  6
CONTINUOUS
 10
-2.411885
 20
-0.841287
  0
VERTEX
  8
LAYER_1
 62
    39
  6
CONTINUOUS
 10
-2.400768
 20
-0.852331
  0
VERTEX
  8
LAYER_1
 62
    39
  6
CONTINUOUS
 10
-2.396763
 20
-0.867480
  0
VERTEX
  8
LAYER_1
 62
    39
  6
CONTINUOUS
 10
-2.400705
 20
-0.882196
  0
VERTEX
  8
LAYER_1
 62
    39
  6
CONTINUOUS
 10
-2.411748
 20
-0.893311
  0
VERTEX
  8
LAYER_1
 62
    39
  6
CONTINUOUS
 10
-2.426897
 20
-0.897317
  0
VERTEX
  8
LAYER_1
 62
    39
  6
CONTINUOUS
 10
-2.441613
 20
-0.893374
  0
VERTEX
  8
LAYER_1
 62
    39
  6
CONTINUOUS
 10
-2.452728
 20
-0.882331
  0
VERTEX
  8
LAYER_1
 62
    39
  6
CONTINUOUS
 10
-2.456735
 20
-0.867182
  0
VERTEX
  8
LAYER_1
 62
    39
  6
CONTINUOUS
 10
-2.452792
 20
-0.852467
  0
SEQEND
  8
0
  0
POLYLINE
  8
LAYER_1
 62
    39
  6
CONTINUOUS
 66
     1
 40
0.003000
 41
0.003000
 70
     1
  0
VERTEX
  8
LAYER_1
 62
    39
  6
CONTINUOUS
 10
-2.134831
 20
-0.664177
  0
VERTEX
  8
LAYER_1
 62
    39
  6
CONTINUOUS
 10
-2.119681
 20
-0.660174
  0
VERTEX
  8
LAYER_1
 62
    39
  6
CONTINUOUS
 10
-2.104966
 20
-0.664117
  0
VERTEX
  8
LAYER_1
 62
    39
  6
CONTINUOUS
 10
-2.093850
 20
-0.675157
  0
VERTEX
  8
LAYER_1
 62
    39
  6
CONTINUOUS
 10
-2.089844
 20
-0.690307
  0
VERTEX
  8
LAYER_1
 62
    39
  6
CONTINUOUS
 10
-2.093787
 20
-0.705022
  0
VERTEX
  8
LAYER_1
 62
    39
  6
CONTINUOUS
 10
-2.104831
 20
-0.716138
  0
VERTEX
  8
LAYER_1
 62
    39
  6
CONTINUOUS
 10
-2.119979
 20
-0.720144
  0
VERTEX
  8
LAYER_1
 62
    39
  6
CONTINUOUS
 10
-2.134694
 20
-0.716201
  0
VERTEX
  8
LAYER_1
 62
    39
  6
CONTINUOUS
 10
-2.145811
 20
-0.705157
  0
VERTEX
  8
LAYER_1
 62
    39
  6
CONTINUOUS
 10
-2.149816
 20
-0.690011
  0
VERTEX
  8
LAYER_1
 62
    39
  6
CONTINUOUS
 10
-2.145873
 20
-0.675295
  0
SEQEND
  8
0
  0
POLYLINE
  8
LAYER_1
 62
    39
  6
CONTINUOUS
 66
     1
 40
0.003000
 41
0.003000
 70
     1
  0
VERTEX
  8
LAYER_1
 62
    39
  6
CONTINUOUS
 10
-1.929496
 20
-1.726642
  0
VERTEX
  8
LAYER_1
 62
    39
  6
CONTINUOUS
 10
-1.914349
 20
-1.722638
  0
VERTEX
  8
LAYER_1
 62
    39
  6
CONTINUOUS
 10
-1.899634
 20
-1.726581
  0
VERTEX
  8
LAYER_1
 62
    39
  6
CONTINUOUS
 10
-1.888516
 20
-1.737622
  0
VERTEX
  8
LAYER_1
 62
    39
  6
CONTINUOUS
 10
-1.884512
 20
-1.752772
  0
VERTEX
  8
LAYER_1
 62
    39
  6
CONTINUOUS
 10
-1.888455
 20
-1.767487
  0
VERTEX
  8
LAYER_1
 62
    39
  6
CONTINUOUS
 10
-1.899496
 20
-1.778602
  0
VERTEX
  8
LAYER_1
 62
    39
  6
CONTINUOUS
 10
-1.914646
 20
-1.782609
  0
VERTEX
  8
LAYER_1
 62
    39
  6
CONTINUOUS
 10
-1.929362
 20
-1.778666
  0
VERTEX
  8
LAYER_1
 62
    39
  6
CONTINUOUS
 10
-1.940480
 20
-1.767622
  0
VERTEX
  8
LAYER_1
 62
    39
  6
CONTINUOUS
 10
-1.944484
 20
-1.752475
  0
VERTEX
  8
LAYER_1
 62
    39
  6
CONTINUOUS
 10
-1.940540
 20
-1.737760
  0
SEQEND
  8
0
  0
POLYLINE
  8
LAYER_1
 62
    39
  6
CONTINUOUS
 66
     1
 40
0.003000
 41
0.003000
 70
     1
  0
VERTEX
  8
LAYER_1
 62
    39
  6
CONTINUOUS
 10
-1.623654
 20
-1.550236
  0
VERTEX
  8
LAYER_1
 62
    39
  6
CONTINUOUS
 10
-1.608505
 20
-1.546232
  0
VERTEX
  8
LAYER_1
 62
    39
  6
CONTINUOUS
 10
-1.593790
 20
-1.550174
  0
VERTEX
  8
LAYER_1
 62
    39
  6
CONTINUOUS
 10
-1.582673
 20
-1.561217
  0
VERTEX
  8
LAYER_1
 62
    39
  6
CONTINUOUS
 10
-1.578669
 20
-1.576366
  0
VERTEX
  8
LAYER_1
 62
    39
  6
CONTINUOUS
 10
-1.582611
 20
-1.591082
  0
VERTEX
  8
LAYER_1
 62
    39
  6
CONTINUOUS
 10
-1.593654
 20
-1.602197
  0
VERTEX
  8
LAYER_1
 62
    39
  6
CONTINUOUS
 10
-1.608803
 20
-1.606203
  0
VERTEX
  8
LAYER_1
 62
    39
  6
CONTINUOUS
 10
-1.623519
 20
-1.602260
  0
VERTEX
  8
LAYER_1
 62
    39
  6
CONTINUOUS
 10
-1.634634
 20
-1.591217
  0
VERTEX
  8
LAYER_1
 62
    39
  6
CONTINUOUS
 10
-1.638640
 20
-1.576068
  0
VERTEX
  8
LAYER_1
 62
    39
  6
CONTINUOUS
 10
-1.634697
 20
-1.561353
  0
SEQEND
  8
0
  0
POLYLINE
  8
LAYER_1
 62
    39
  6
DOT
 66
     1
 40
0.003000
 41
0.003000
 70
     1
  0
VERTEX
  8
LAYER_1
 62
    39
  6
DOT
 10
-1.492366
 20
-2.482815
  0
VERTEX
  8
LAYER_1
 62
    39
  6
DOT
 10
-1.507764
 20
-2.539520
  0
VERTEX
  8
LAYER_1
 62
    39
  6
DOT
 10
-1.548161
 20
-2.579917
  0
VERTEX
  8
LAYER_1
 62
    39
  6
DOT
 10
-1.604866
 20
-2.595315
  0
VERTEX
  8
LAYER_1
 62
    39
  6
DOT
 10
-1.661573
 20
-2.579917
  0
VERTEX
  8
LAYER_1
 62
    39
  6
DOT
 10
-1.701969
 20
-2.539520
  0
VERTEX
  8
LAYER_1
 62
    39
  6
DOT
 10
-1.717366
 20
-2.482815
  0
VERTEX
  8
LAYER_1
 62
    39
  6
DOT
 10
-1.701969
 20
-2.426108
  0
VERTEX
  8
LAYER_1
 62
    39
  6
DOT
 10
-1.661573
 20
-2.385712
  0
VERTEX
  8
LAYER_1
 62
    39
  6
DOT
 10
-1.604866
 20
-2.370315
  0
VERTEX
  8
LAYER_1
 62
    39
  6
DOT
 10
-1.548161
 20
-2.385712
  0
VERTEX
  8
LAYER_1
 62
    39
  6
DOT
 10
-1.507764
 20
-2.426108
  0
SEQEND
  8
0
  0
POLYLINE
  8
LAYER_1
 62
    39
  6
DOT
 66
     1
 40
0.003000
 41
0.003000
 70
     1
  0
VERTEX
  8
LAYER_1
 62
    39
  6
DOT
 10
-1.092783
 20
-2.482815
  0
VERTEX
  8
LAYER_1
 62
    39
  6
DOT
 10
-1.108181
 20
-2.539520
  0
VERTEX
  8
LAYER_1
 62
    39
  6
DOT
 10
-1.148579
 20
-2.579917
  0
VERTEX
  8
LAYER_1
 62
    39
  6
DOT
 10
-1.205283
 20
-2.595315
  0
VERTEX
  8
LAYER_1
 62
    39
  6
DOT
 10
-1.261990
 20
-2.579917
  0
VERTEX
  8
LAYER_1
 62
    39
  6
DOT
 10
-1.302387
 20
-2.539520
  0
VERTEX
  8
LAYER_1
 62
    39
  6
DOT
 10
-1.317783
 20
-2.482815
  0
VERTEX
  8
LAYER_1
 62
    39
  6
DOT
 10
-1.302387
 20
-2.426108
  0
VERTEX
  8
LAYER_1
 62
    39
  6
DOT
 10
-1.261990
 20
-2.385712
  0
VERTEX
  8
LAYER_1
 62
    39
  6
DOT
 10
-1.205283
 20
-2.370315
  0
VERTEX
  8
LAYER_1
 62
    39
  6
DOT
 10
-1.148579
 20
-2.385712
  0
VERTEX
  8
LAYER_1
 62
    39
  6
DOT
 10
-1.108181
 20
-2.426108
  0
SEQEND
  8
0
  0
POLYLINE
  8
LAYER_1
 62
    39
  6
CONTINUOUS
 66
     1
 40
0.003000
 41
0.003000
 70
     1
  0
VERTEX
  8
LAYER_1
 62
    39
  6
CONTINUOUS
 10
-2.008516
 20
1.427474
  0
VERTEX
  8
LAYER_1
 62
    39
  6
CONTINUOUS
 10
-2.038352
 20
1.376369
  0
VERTEX
  8
LAYER_1
 62
    39
  6
CONTINUOUS
 10
-2.093694
 20
1.376377
  0
VERTEX
  8
LAYER_1
 62
    39
  6
CONTINUOUS
 10
-2.123516
 20
1.427490
  0
VERTEX
  8
LAYER_1
 62
    39
  6
CONTINUOUS
 10
-2.093684
 20
1.478597
  0
VERTEX
  8
LAYER_1
 62
    39
  6
CONTINUOUS
 10
-2.038343
 20
1.478594
  0
VERTEX
  8
LAYER_1
 62
    39
  6
CONTINUOUS
 10
-2.008516
 20
1.427484
  0
SEQEND
  8
0
  0
POLYLINE
  8
LAYER_1
 62
    39
  6
DOT
 66
     1
 40
0.003000
 41
0.003000
 70
     1
  0
VERTEX
  8
LAYER_1
 62
    39
  6
DOT
 10
-1.953516
 20
1.427480
  0
VERTEX
  8
LAYER_1
 62
    39
  6
DOT
 10
-1.968913
 20
1.370776
  0
VERTEX
  8
LAYER_1
 62
    39
  6
DOT
 10
-2.009311
 20
1.330378
  0
VERTEX
  8
LAYER_1
 62
    39
  6
DOT
 10
-2.066016
 20
1.314980
  0
VERTEX
  8
LAYER_1
 62
    39
  6
DOT
 10
-2.122722
 20
1.330378
  0
VERTEX
  8
LAYER_1
 62
    39
  6
DOT
 10
-2.163119
 20
1.370776
  0
VERTEX
  8
LAYER_1
 62
    39
  6
DOT
 10
-2.178516
 20
1.427480
  0
VERTEX
  8
LAYER_1
 62
    39
  6
DOT
 10
-2.163119
 20
1.484187
  0
VERTEX
  8
LAYER_1
 62
    39
  6
DOT
 10
-2.122722
 20
1.524584
  0
VERTEX
  8
LAYER_1
 62
    39
  6
DOT
 10
-2.066016
 20
1.539980
  0
VERTEX
  8
LAYER_1
 62
    39
  6
DOT
 10
-2.009311
 20
1.524584
  0
VERTEX
  8
LAYER_1
 62
    39
  6
DOT
 10
-1.968913
 20
1.484187
  0
SEQEND
  8
0
  0
TEXT
  8
LAYER_1
 62
    39
 10
-1.669783
 20
-2.825106
 40
0.152915
  1
A
 41
1.000000
  7
SN0
 71
     0
 72
     5
 11
-1.586378
 21
-2.825106
  0
TEXT
  8
LAYER_1
 62
    39
 10
-1.241102
 20
-2.816701
 40
0.152915
  1
A
 41
1.000000
  7
SN0
 71
     0
 72
     5
 11
-1.157697
 21
-2.816701
  0
TEXT
  8
LAYER_1
 62
    39
 10
-2.109035
 20
1.131724
 40
0.152915
  1
A
 41
1.000000
  7
SN0
 71
     0
 72
     5
 11
-2.025630
 21
1.131724
  0
TEXT
  8
LAYER_1
 62
    39
 10
-0.734610
 20
-2.783079
 40
0.152915
  1
B
 41
1.000000
  7
SN0
 71
     0
 72
     5
 11
-0.651205
 21
-2.783079
  0
TEXT
  8
LAYER_1
 62
    39
 10
-0.726205
 20
0.158850
 40
0.152915
  1
B
 41
1.000000
  7
SN0
 71
     0
 72
     5
 11
-0.642800
 21
0.158850
  0
TEXT
  8
LAYER_1
 62
    39
 10
-0.859441
 20
3.109350
 40
0.152915
  1
B
 41
1.000000
  7
SN0
 71
     0
 72
     5
 11
-0.776036
 21
3.109350
  0
TEXT
  8
LAYER_1
 62
    39
 10
-2.139244
 20
2.913724
 40
0.152915
  1
C
 41
1.000000
  7
SN0
 71
     0
 72
     5
 11
-2.055839
 21
2.913724
  0
TEXT
  8
LAYER_1
 62
    39
 10
-3.482106
 20
2.913760
 40
0.152915
  1
B
 41
1.000000
  7
SN0
 71
     0
 72
     5
 11
-3.398701
 21
2.913760
  0
TEXT
  8
LAYER_1
 62
    39
 10
-3.474807
 20
0.158850
 40
0.152915
  1
B
 41
1.000000
  7
SN0
 71
     0
 72
     5
 11
-3.391402
 21
0.158850
  0
TEXT
  8
LAYER_1
 62
    39
 10
-3.492669
 20
-2.816224
 40
0.152915
  1
B
 41
1.000000
  7
SN0
 71
     0
 72
     5
 11
-3.409264
 21
-2.816224
  0
TEXT
  8
LAYER_1
 62
    39
 10
-2.132646
 20
-2.842350
 40
0.152915
  1
C
 41
1.000000
  7
SN0
 71
     0
 72
     5
 11
-2.049241
 21
-2.842350
  0
TEXT
  8
LAYER_1
 62
    39
 10
-2.966283
 20
-1.347638
 40
0.152915
  1
D
 41
1.000000
  7
SN0
 71
     0
 72
     5
 11
-2.882878
 21
-1.347638
  0
TEXT
  8
LAYER_1
 62
    39
 10
-2.473051
 20
-1.051803
 40
0.152915
  1
D
 41
1.000000
  7
SN0
 71
     0
 72
     5
 11
-2.389646
 21
-1.051803
  0
TEXT
  8
LAYER_1
 62
    39
 10
-2.176811
 20
-0.869043
 40
0.152915
  1
D
 41
1.000000
  7
SN0
 71
     0
 72
     5
 11
-2.093406
 21
-0.869043
  0
TEXT
  8
LAYER_1
 62
    39
 10
-2.466724
 20
-2.289965
 40
0.152915
  1
D
 41
1.000000
  7
SN0
 71
     0
 72
     5
 11
-2.383319
 21
-2.289965
  0
TEXT
  8
LAYER_1
 62
    39
 10
-1.965224
 20
-1.949839
 40
0.152915
  1
D
 41
1.000000
  7
SN0
 71
     0
 72
     5
 11
-1.881819
 21
-1.949839
  0
TEXT
  8
LAYER_1
 62
    39
 10
-1.658831
 20
-1.756823
 40
0.152915
  1
D
 41
1.000000
  7
SN0
 71
     0
 72
     5
 11
-1.575426
 21
-1.756823
  0
TEXT
  8
LAYER_1
 62
    39
 10
-1.201524
 20
-1.454701
 40
0.152915
  1
D
 41
1.000000
  7
SN0
 71
     0
 72
     5
 11
-1.118118
 21
-1.454701
  0
TEXT
  8
LAYER_1
 62
    39
 10
-1.667492
 20
-0.586008
 40
0.152915
  1
D
 41
1.000000
  7
SN0
 71
     0
 72
     5
 11
-1.584087
 21
-0.586008
  0
TEXT
  8
LAYER_1
 62
    39
 10
-0.244185
 20
1.832370
 40
0.152915
  1
A=4-40 clearance countersunk 
 41
1.000000
  7
SN0
 71
     0
 72
     5
 11
4.092882
 21
1.832370
  0
TEXT
  8
LAYER_1
 62
    39
 10
-0.244185
 20
1.632591
 40
0.152915
  1
   for flat head from bottom
 41
1.000000
  7
SN0
 71
     0
 72
     5
 11
3.842666
 21
1.632591
  0
TEXT
  8
LAYER_1
 62
    39
 10
-0.151335
 20
1.311567
 40
0.152915
  1
B = tapped 4-40
 41
1.000000
  7
SN0
 71
     0
 72
     5
 11
1.850388
 21
1.311567
  0
TEXT
  8
LAYER_1
 62
    39
 10
-0.151335
 20
1.111787
 40
0.152915
  1
C =  8-32clearance
 41
1.000000
  7
SN0
 71
     0
 72
     5
 11
2.350819
 21
1.111787
  0
TEXT
  8
LAYER_1
 62
    39
 10
-0.151335
 20
0.912008
 40
0.152915
  1
D = tapped 2-56
 41
1.000000
  7
SN0
 71
     0
 72
     5
 11
1.850388
 21
0.912008
  0
TEXT
  8
LAYER_1
 62
    39
 10
-2.329118
 20
4.395913
 40
0.305333
  1
Laser Base rev.7  
 41
1.000000
  7
SN0
 71
     0
 72
     5
 11
2.502422
 21
4.395913
  0
TEXT
  8
LAYER_1
 62
    39
 10
-2.329118
 20
4.103343
 40
0.203556
  1
material: aluminum alloy
 41
1.000000
  7
SN0
 71
     0
 72
     5
 11
2.667066
 21
4.103343
  0
TEXT
  8
LAYER_1
 62
    39
 10
-0.807118
 20
-4.186925
 40
0.203556
  1
Steve Smith
 41
1.000000
  7
SN0
 71
     0
 72
     5
 11
1.302382
 21
-4.186925
  0
TEXT
  8
LAYER_1
 62
    39
 10
-0.807118
 20
-4.453291
 40
0.203556
  1
Bustamante Group
 41
1.000000
  7
SN0
 71
     0
 72
     5
 11
2.412645
 21
-4.453291
  0
TEXT
  8
LAYER_1
 62
    39
 10
-0.807118
 20
-4.719657
 40
0.203556
  1
642-7127
 41
1.000000
  7
SN0
 71
     0
 72
     5
 11
0.858276
 21
-4.719657
  0
TEXT
  8
LAYER_1
 62
    39
 10
-0.807118
 20
-4.986024
 40
0.203556
  1
steve@alice.berkeley.edu
 41
1.000000
  7
SN0
 71
     0
 72
     5
 11
4.189066
 21
-4.986024
  0
TEXT
  8
LAYER_1
 62
    39
 10
0.191335
 20
-0.237819
 40
0.229372
  1
0.125 thick
 41
1.000000
  7
SN0
 71
     0
 72
     5
 11
2.693488
 21
-0.237819
  0
TEXT
  8
LAYER_1
 62
    39
 10
0.176421
 20
3.185654
 40
0.229372
  1
0.625 thick
 41
1.000000
  7
SN0
 71
     0
 72
     5
 11
2.678575
 21
3.185654
  0
TEXT
  8
LAYER_1
 62
    39
 10
0.247224
 20
-2.375685
 40
0.229372
  1
0.260 thick
 41
1.000000
  7
SN0
 71
     0
 72
     5
 11
2.749378
 21
-2.375685
  0
POLYLINE
  8
LAYER_1
 62
    39
  6
CONTINUOUS
 66
     1
 40
0.013890
 41
0.013890
  0
VERTEX
  8
LAYER_1
 62
    39
  6
CONTINUOUS
 10
0.151335
 20
-0.151335
  0
VERTEX
  8
LAYER_1
 62
    39
  6
CONTINUOUS
 10
-0.929500
 20
-1.677291
  0
SEQEND
  8
0
  0
POLYLINE
  8
LAYER_1
 62
    39
  6
CONTINUOUS
 66
     1
 40
0.003000
 41
0.003000
  0
VERTEX
  8
LAYER_1
 62
    39
  6
CONTINUOUS
 10
-0.858524
 20
-1.659035
  0
VERTEX
  8
LAYER_1
 62
    39
  6
CONTINUOUS
 10
-0.935579
 20
-1.689760
  0
VERTEX
  8
LAYER_1
 62
    39
  6
CONTINUOUS
 10
-0.932197
 20
-1.606854
  0
SEQEND
  8
0
  0
POLYLINE
  8
LAYER_1
 62
    39
  6
CONTINUOUS
 66
     1
 40
0.013890
 41
0.013890
  0
VERTEX
  8
LAYER_1
 62
    39
  6
CONTINUOUS
 10
0.149110
 20
-0.086299
  0
VERTEX
  8
LAYER_1
 62
    39
  6
CONTINUOUS
 10
-1.136039
 20
1.057807
  0
SEQEND
  8
0
  0
POLYLINE
  8
LAYER_1
 62
    39
  6
CONTINUOUS
 66
     1
 40
0.003000
 41
0.003000
  0
VERTEX
  8
LAYER_1
 62
    39
  6
CONTINUOUS
 10
-1.124276
 20
0.986921
  0
VERTEX
  8
LAYER_1
 62
    39
  6
CONTINUOUS
 10
-1.146264
 20
1.066909
  0
VERTEX
  8
LAYER_1
 62
    39
  6
CONTINUOUS
 10
-1.064244
 20
1.054354
  0
SEQEND
  8
0
  0
POLYLINE
  8
LAYER_1
 62
    39
  6
CONTINUOUS
 66
     1
 40
0.013890
 41
0.013890
  0
VERTEX
  8
LAYER_1
 62
    39
  6
CONTINUOUS
 10
0.163701
 20
-2.207209
  0
VERTEX
  8
LAYER_1
 62
    39
  6
CONTINUOUS
 10
-1.297516
 20
-0.978453
  0
SEQEND
  8
0
  0
POLYLINE
  8
LAYER_1
 62
    39
  6
CONTINUOUS
 66
     1
 40
0.003000
 41
0.003000
  0
VERTEX
  8
LAYER_1
 62
    39
  6
CONTINUOUS
 10
-1.283760
 20
-1.048976
  0
VERTEX
  8
LAYER_1
 62
    39
  6
CONTINUOUS
 10
-1.307996
 20
-0.969642
  0
VERTEX
  8
LAYER_1
 62
    39
  6
CONTINUOUS
 10
-1.225654
 20
-0.979882
  0
SEQEND
  8
0
  0
POLYLINE
  8
LAYER_1
 62
    39
  6
CONTINUOUS
 66
     1
 40
0.013890
 41
0.013890
  0
VERTEX
  8
LAYER_1
 62
    39
  6
CONTINUOUS
 10
0.195106
 20
-2.276693
  0
VERTEX
  8
LAYER_1
 62
    39
  6
CONTINUOUS
 10
-2.572528
 20
-1.693154
  0
SEQEND
  8
0
  0
POLYLINE
  8
LAYER_1
 62
    39
  6
CONTINUOUS
 66
     1
 40
0.003000
 41
0.003000
  0
VERTEX
  8
LAYER_1
 62
    39
  6
CONTINUOUS
 10
-2.527122
 20
-1.748843
  0
VERTEX
  8
LAYER_1
 62
    39
  6
CONTINUOUS
 10
-2.585921
 20
-1.690331
  0
VERTEX
  8
LAYER_1
 62
    39
  6
CONTINUOUS
 10
-2.508496
 20
-1.660504
  0
SEQEND
  8
0
  0
POLYLINE
  8
LAYER_1
 62
    39
  6
CONTINUOUS
 66
     1
 40
0.013890
 41
0.013890
  0
VERTEX
  8
LAYER_1
 62
    39
  6
CONTINUOUS
 10
0.086004
 20
3.263677
  0
VERTEX
  8
LAYER_1
 62
    39
  6
CONTINUOUS
 10
-0.713764
 20
3.279996
  0
SEQEND
  8
0
  0
POLYLINE
  8
LAYER_1
 62
    39
  6
CONTINUOUS
 66
     1
 40
0.003000
 41
0.003000
  0
VERTEX
  8
LAYER_1
 62
    39
  6
CONTINUOUS
 10
-0.658780
 20
3.233744
  0
VERTEX
  8
LAYER_1
 62
    39
  6
CONTINUOUS
 10
-0.727453
 20
3.280276
  0
VERTEX
  8
LAYER_1
 62
    39
  6
CONTINUOUS
 10
-0.656937
 20
3.324004
  0
SEQEND
  8
0
  0
SOLID
  8
LAYER_1
 62
   254
 10
3.146370
 20
-2.634315
 11
3.771370
 21
-2.634315
 12
3.146370
 22
3.365685
 13
3.771370
 23
3.365685
  0
POLYLINE
  8
LAYER_1
 62
    39
  6
CONTINUOUS
 66
     1
 40
0.007165
 41
0.007165
 70
     1
  0
VERTEX
  8
LAYER_1
 62
    39
  6
CONTINUOUS
 10
3.146370
 20
-2.634315
  0
VERTEX
  8
LAYER_1
 62
    39
  6
CONTINUOUS
 10
3.771370
 20
-2.634315
  0
VERTEX
  8
LAYER_1
 62
    39
  6
CONTINUOUS
 10
3.771370
 20
3.365685
  0
VERTEX
  8
LAYER_1
 62
    39
  6
CONTINUOUS
 10
3.146370
 20
3.365685
  0
SEQEND
  8
0
  0
POLYLINE
  8
LAYER_1
 62
    39
  6
DOT
 66
     1
 40
0.007165
 41
0.007165
 70
     1
  0
VERTEX
  8
LAYER_1
 62
    39
  6
DOT
 10
3.146370
 20
-2.345134
  0
VERTEX
  8
LAYER_1
 62
    39
  6
DOT
 10
3.646370
 20
-2.345134
  0
VERTEX
  8
LAYER_1
 62
    39
  6
DOT
 10
3.646370
 20
2.992362
  0
VERTEX
  8
LAYER_1
 62
    39
  6
DOT
 10
3.146370
 20
2.992362
  0
SEQEND
  8
0
  0
POLYLINE
  8
LAYER_1
 62
    39
  6
DOT
 66
     1
 40
0.007165
 41
0.007165
 70
     1
  0
VERTEX
  8
LAYER_1
 62
    39
  6
DOT
 10
3.485626
 20
-1.529610
  0
VERTEX
  8
LAYER_1
 62
    39
  6
DOT
 10
3.643626
 20
-1.529610
  0
VERTEX
  8
LAYER_1
 62
    39
  6
DOT
 10
3.643626
 20
-0.310815
  0
VERTEX
  8
LAYER_1
 62
    39
  6
DOT
 10
3.485626
 20
-0.310815
  0
SEQEND
  8
0
  0
POLYLINE
  8
LAYER_1
 62
    39
  6
DOT
 66
     1
 40
0.007165
 41
0.007165
 70
     1
  0
VERTEX
  8
LAYER_1
 62
    39
  6
DOT
 10
3.483461
 20
-2.153106
  0
VERTEX
  8
LAYER_1
 62
    39
  6
DOT
 10
3.641461
 20
-2.153106
  0
VERTEX
  8
LAYER_1
 62
    39
  6
DOT
 10
3.641461
 20
-0.934311
  0
VERTEX
  8
LAYER_1
 62
    39
  6
DOT
 10
3.483461
 20
-0.934311
  0
SEQEND
  8
0
  0
POLYLINE
  8
LAYER_1
 62
    39
  6
DOT
 66
     1
 40
0.003000
 41
0.003000
  0
VERTEX
  8
LAYER_1
 62
    39
  6
DOT
 10
3.647992
 20
-2.345138
  0
VERTEX
  8
LAYER_1
 62
    39
  6
DOT
 10
3.647992
 20
-2.630925
  0
SEQEND
  8
0
  0
TEXT
  8
LAYER_1
 62
    39
 10
-2.774469
 20
-3.514327
 40
0.229372
  1
TOP
 41
1.000000
  7
SN0
 71
     0
 72
     5
 11
-2.399145
 21
-3.514327
  0
TEXT
  8
LAYER_1
 62
    39
 10
3.228472
 20
-3.413437
 40
0.229372
  1
SIDE
 41
1.000000
  7
SN0
 71
     0
 72
     5
 11
3.728903
 21
-3.413437
  0
ENDSEC
  0
EOF
